row,response_id,service,estado_csv,control_mapa,ticket,action,errors,warnings
8,legacy-csv-38,3565665,CERRADO,HABILITADAS,RCK-000001,IMPORTADO_CERRADO,,
9,legacy-csv-39,3565666,CERRADO,HABILITADAS,RCK-000002,IMPORTADO_CERRADO,,
10,legacy-csv-40,3565667,CERRADO,HABILITADAS,RCK-000003,IMPORTADO_CERRADO,,
11,legacy-csv-41,3567333,CERRADO,HABILITADAS,RCK-000004,IMPORTADO_CERRADO,,Huecos no numericos ignorados: C0054I82
12,legacy-csv-42,3567339,CERRADO,HABILITADAS,RCK-000005,IMPORTADO_CERRADO,,
13,legacy-csv-43,3567342,CERRADO,HABILITADAS,RCK-000006,IMPORTADO_CERRADO,,"Huecos no numericos ignorados: 10B, B8"
14,legacy-csv-44,3567084,CERRADO,HABILITADAS,RCK-000007,IMPORTADO_CERRADO,,
15,legacy-csv-47,3567345,CERRADO,HABILITADAS,RCK-000008,IMPORTADO_CERRADO,,
16,legacy-csv-48,3567348,CERRADO,HABILITADAS,RCK-000009,IMPORTADO_CERRADO,,
17,legacy-csv-49,3567349,CERRADO,HABILITADAS,RCK-000010,IMPORTADO_CERRADO,,
18,legacy-csv-50,3567353,CERRADO,HABILITADAS,RCK-000011,IMPORTADO_CERRADO,,
19,legacy-csv-51,3567721,CERRADO,HABILITADAS,RCK-000012,IMPORTADO_CERRADO,,
20,legacy-csv-52,3567722,CERRADO,HABILITADAS,RCK-000013,IMPORTADO_CERRADO,,
21,legacy-csv-53,3567726,CERRADO,HABILITADAS,RCK-000014,IMPORTADO_CERRADO,,
22,legacy-csv-54,3567727,CERRADO,HABILITADAS,RCK-000015,IMPORTADO_CERRADO,,
23,legacy-csv-55,3568675,CERRADO,HABILITADAS,RCK-000016,IMPORTADO_CERRADO,,Huecos no numericos ignorados: D3
24,legacy-csv-56,3568676,CERRADO,HABILITADAS,RCK-000017,IMPORTADO_CERRADO,,
25,legacy-csv-58,3569130,CERRADO,HABILITADAS,RCK-000018,IMPORTADO_CERRADO,,
26,legacy-csv-59,3569133,CERRADO,HABILITADAS,RCK-000019,IMPORTADO_CERRADO,,
27,legacy-csv-60,3569139,CERRADO,HABILITADAS,RCK-000020,IMPORTADO_CERRADO,,
28,legacy-csv-61,3569155,CERRADO,HABILITADAS,RCK-000021,IMPORTADO_CERRADO,,
29,legacy-csv-62,3569169,CERRADO,HABILITADAS,RCK-000022,IMPORTADO_CERRADO,,
30,legacy-csv-64,3569171,CERRADO,HABILITADAS,RCK-000023,IMPORTADO_CERRADO,,
31,legacy-csv-65,3569173,CERRADO,HABILITADAS,RCK-000024,IMPORTADO_CERRADO,,
32,legacy-csv-66,3569174,CERRADO,HABILITADAS,RCK-000025,IMPORTADO_CERRADO,,
33,legacy-csv-67,3569176,CERRADO,HABILITADAS,RCK-000026,IMPORTADO_CERRADO,,
34,legacy-csv-68,3570713,CERRADO,HABILITADAS,RCK-000027,IMPORTADO_CERRADO,,
35,legacy-csv-69,3570715,CERRADO,HABILITADAS,RCK-000028,IMPORTADO_CERRADO,,
36,legacy-csv-70,3570716,CERRADO,HABILITADAS,RCK-000029,IMPORTADO_CERRADO,,
37,legacy-csv-71,3571545,CERRADO,HABILITADAS,RCK-000030,IMPORTADO_CERRADO,,
38,legacy-csv-72,3571546,CERRADO,HABILITADAS,RCK-000031,IMPORTADO_CERRADO,,
39,legacy-csv-73,3571547,CERRADO,HABILITADAS,RCK-000032,IMPORTADO_CERRADO,,
40,legacy-csv-74,3571548,CERRADO,HABILITADAS,RCK-000033,IMPORTADO_CERRADO,,
41,legacy-csv-75,3571549,CERRADO,HABILITADAS,RCK-000034,IMPORTADO_CERRADO,,
42,legacy-csv-76,3571551,CERRADO,HABILITADAS,RCK-000035,IMPORTADO_CERRADO,,
43,legacy-csv-77,3571554,CERRADO,HABILITADAS,RCK-000036,IMPORTADO_CERRADO,,
44,legacy-csv-78,3572714,CERRADO,HABILITADAS,RCK-000037,IMPORTADO_CERRADO,,
45,legacy-csv-79,3572719,CERRADO,HABILITADAS,RCK-000038,IMPORTADO_CERRADO,,
46,legacy-csv-80,3572725,CERRADO,HABILITADAS,RCK-000039,IMPORTADO_CERRADO,,
47,legacy-csv-81,3572726,CERRADO,HABILITADAS,RCK-000040,IMPORTADO_CERRADO,,
48,legacy-csv-82,3572758,CERRADO,HABILITADAS,RCK-000041,IMPORTADO_CERRADO,,
49,legacy-csv-83,3572760,CERRADO,HABILITADAS,RCK-000042,IMPORTADO_CERRADO,,
50,legacy-csv-84,3572763,CERRADO,HABILITADAS,RCK-000043,IMPORTADO_CERRADO,,
51,legacy-csv-85,3572911,CERRADO,HABILITADAS,RCK-000044,IMPORTADO_CERRADO,,
52,legacy-csv-86,3572913,CERRADO,HABILITADAS,RCK-000045,IMPORTADO_CERRADO,,
53,legacy-csv-87,3572914,CERRADO,HABILITADAS,RCK-000046,IMPORTADO_CERRADO,,
54,legacy-csv-88,3572767,CERRADO,HABILITADAS,RCK-000047,IMPORTADO_CERRADO,,
55,legacy-csv-89,3572772,CERRADO,HABILITADAS,RCK-000048,IMPORTADO_CERRADO,,
56,legacy-csv-90,3572923,CERRADO,HABILITADAS,RCK-000049,IMPORTADO_CERRADO,,
57,legacy-csv-91,3572777,CERRADO,HABILITADAS,RCK-000050,IMPORTADO_CERRADO,,
58,legacy-csv-92,3572778,CERRADO,HABILITADAS,RCK-000051,IMPORTADO_CERRADO,,
59,legacy-csv-93,3572779,CERRADO,HABILITADAS,RCK-000052,IMPORTADO_CERRADO,,
60,legacy-csv-94,3572781,CERRADO,HABILITADAS,RCK-000053,IMPORTADO_CERRADO,,
61,legacy-csv-95,3572784,CERRADO,HABILITADAS,RCK-000054,IMPORTADO_CERRADO,,
62,legacy-csv-96,3572924,CERRADO,HABILITADAS,RCK-000055,IMPORTADO_CERRADO,,
63,legacy-csv-97,3572928,CERRADO,HABILITADAS,RCK-000056,IMPORTADO_CERRADO,,
64,legacy-csv-98,3572930,CERRADO,HABILITADAS,RCK-000057,IMPORTADO_CERRADO,,
65,legacy-csv-99,3573331,CERRADO,HABILITADAS,RCK-000058,IMPORTADO_CERRADO,,
66,legacy-csv-100,3573332,CERRADO,HABILITADAS,RCK-000059,IMPORTADO_CERRADO,,
67,legacy-csv-101,3573336,CERRADO,HABILITADAS,RCK-000060,IMPORTADO_CERRADO,,
68,legacy-csv-103,3574102,CERRADO,HABILITADAS,RCK-000061,IMPORTADO_CERRADO,,
69,legacy-csv-104,3574105,CERRADO,HABILITADAS,RCK-000062,IMPORTADO_CERRADO,,
70,legacy-csv-107,3575644,CERRADO,HABILITADAS,,ERROR_VALIDACION,Ubicacion obligatoria.,Huecos no numericos ignorados: 89B
71,legacy-csv-108,3575645,CERRADO,HABILITADAS,RCK-000063,IMPORTADO_CERRADO,,
72,legacy-csv-109,3575649,CERRADO,HABILITADAS,RCK-000064,IMPORTADO_CERRADO,,
73,legacy-csv-110,3575650,CERRADO,HABILITADAS,RCK-000065,IMPORTADO_CERRADO,,
74,legacy-csv-111,3575651,CERRADO,HABILITADAS,RCK-000066,IMPORTADO_CERRADO,,
75,legacy-csv-112,3576175,CERRADO,HABILITADAS,RCK-000067,IMPORTADO_CERRADO,,
76,legacy-csv-113,3576177,CERRADO,HABILITADAS,RCK-000068,IMPORTADO_CERRADO,,
77,legacy-csv-114,3576179,CERRADO,HABILITADAS,RCK-000069,IMPORTADO_CERRADO,,
78,legacy-csv-115,3576365,CERRADO,HABILITADAS,RCK-000070,IMPORTADO_CERRADO,,
79,legacy-csv-117,3576367,CERRADO,HABILITADAS,RCK-000071,IMPORTADO_CERRADO,,
80,legacy-csv-120,3576368,CERRADO,HABILITADAS,RCK-000072,IMPORTADO_CERRADO,,
81,legacy-csv-121,3576369,CERRADO,HABILITADAS,RCK-000073,IMPORTADO_CERRADO,,
82,legacy-csv-123,3576372,CERRADO,HABILITADAS,RCK-000074,IMPORTADO_CERRADO,,
83,legacy-csv-124,3576370,CERRADO,HABILITADAS,RCK-000075,IMPORTADO_CERRADO,,
84,legacy-csv-125,3576373,CERRADO,HABILITADAS,RCK-000076,IMPORTADO_CERRADO,,
85,legacy-csv-127,3576374,CERRADO,HABILITADAS,RCK-000077,IMPORTADO_CERRADO,,
86,legacy-csv-129,3576901,CERRADO,HABILITADAS,RCK-000078,IMPORTADO_CERRADO,,
87,legacy-csv-130,3576902,CERRADO,HABILITADAS,RCK-000079,IMPORTADO_CERRADO,,
88,legacy-csv-131,3576903,CERRADO,HABILITADAS,RCK-000080,IMPORTADO_CERRADO,,
89,legacy-csv-132,3576905,CERRADO,HABILITADAS,RCK-000081,IMPORTADO_CERRADO,,
90,legacy-csv-133,3576906,CERRADO,HABILITADAS,RCK-000082,IMPORTADO_CERRADO,,
91,legacy-csv-134,3578741,CERRADO,HABILITADAS,RCK-000083,IMPORTADO_CERRADO,,
92,legacy-csv-135,3578742,CERRADO,HABILITADAS,RCK-000084,IMPORTADO_CERRADO,,
93,legacy-csv-136,3578743,CERRADO,HABILITADAS,RCK-000085,IMPORTADO_CERRADO,,
94,legacy-csv-137,3578744,CERRADO,HABILITADAS,RCK-000086,IMPORTADO_CERRADO,,
95,legacy-csv-138,3578746,CERRADO,HABILITADAS,RCK-000087,IMPORTADO_CERRADO,,
96,legacy-csv-140,3579120,CERRADO,HABILITADAS,RCK-000088,IMPORTADO_CERRADO,,
97,legacy-csv-141,3579122,CERRADO,HABILITADAS,RCK-000089,IMPORTADO_CERRADO,,
98,legacy-csv-142,3579126,CERRADO,HABILITADAS,RCK-000090,IMPORTADO_CERRADO,,
99,legacy-csv-143,3579128,CERRADO,HABILITADAS,RCK-000091,IMPORTADO_CERRADO,,
100,legacy-csv-144,3579131,CERRADO,HABILITADAS,RCK-000092,IMPORTADO_CERRADO,,
101,legacy-csv-145,3579136,CERRADO,HABILITADAS,RCK-000093,IMPORTADO_CERRADO,,
102,legacy-csv-146,3551628,CERRADO,HABILITADAS,RCK-000094,IMPORTADO_CERRADO,,
103,legacy-csv-146,3581861,CERRADO,HABILITADAS,94,EXISTING,,
104,legacy-csv-147,3583592,CERRADO,HABILITADAS,RCK-000095,IMPORTADO_CERRADO,,
105,legacy-csv-148,3583602,CERRADO,HABILITADAS,RCK-000096,IMPORTADO_CERRADO,,
106,legacy-csv-149,3583603,CERRADO,HABILITADAS,RCK-000097,IMPORTADO_CERRADO,,
107,legacy-csv-150,3582476,CERRADO,HABILITADAS,RCK-000098,IMPORTADO_CERRADO,,
108,legacy-csv-151,3583604,CERRADO,HABILITADAS,RCK-000099,IMPORTADO_CERRADO,,
109,legacy-csv-152,3583605,CERRADO,HABILITADAS,RCK-000100,IMPORTADO_CERRADO,,
110,legacy-csv-153,3583607,CERRADO,HABILITADAS,RCK-000101,IMPORTADO_CERRADO,,
111,legacy-csv-154,3583608,CERRADO,HABILITADAS,RCK-000102,IMPORTADO_CERRADO,,
112,legacy-csv-155,3583609,CERRADO,HABILITADAS,RCK-000103,IMPORTADO_CERRADO,,
113,legacy-csv-156,3583610,CERRADO,HABILITADAS,RCK-000104,IMPORTADO_CERRADO,,
114,legacy-csv-158,3583613,CERRADO,HABILITADAS,RCK-000105,IMPORTADO_CERRADO,,
115,legacy-csv-159,3582479,CERRADO,HABILITADAS,RCK-000106,IMPORTADO_CERRADO,,
116,legacy-csv-160,3582480,CERRADO,HABILITADAS,RCK-000107,IMPORTADO_CERRADO,,
117,legacy-csv-161,3582481,CERRADO,HABILITADAS,RCK-000108,IMPORTADO_CERRADO,,
118,legacy-csv-162,3582483,CERRADO,HABILITADAS,RCK-000109,IMPORTADO_CERRADO,,
119,legacy-csv-163,3582484,CERRADO,HABILITADAS,RCK-000110,IMPORTADO_CERRADO,,
120,legacy-csv-164,3582485,CERRADO,HABILITADAS,RCK-000111,IMPORTADO_CERRADO,,
121,legacy-csv-165,3582486,CERRADO,HABILITADAS,RCK-000112,IMPORTADO_CERRADO,,
122,legacy-csv-166,3582489,CERRADO,HABILITADAS,RCK-000113,IMPORTADO_CERRADO,,
123,legacy-csv-168,3582491,CERRADO,HABILITADAS,RCK-000114,IMPORTADO_CERRADO,,
124,legacy-csv-169,3582492,CERRADO,HABILITADAS,RCK-000115,IMPORTADO_CERRADO,,
125,legacy-csv-170,3582494,CERRADO,HABILITADAS,RCK-000116,IMPORTADO_CERRADO,,
126,legacy-csv-171,3582495,CERRADO,HABILITADAS,RCK-000117,IMPORTADO_CERRADO,,
127,legacy-csv-172,3582496,CERRADO,HABILITADAS,RCK-000118,IMPORTADO_CERRADO,,
128,legacy-csv-173,3582497,CERRADO,HABILITADAS,RCK-000119,IMPORTADO_CERRADO,,
129,legacy-csv-174,3582498,CERRADO,HABILITADAS,RCK-000120,IMPORTADO_CERRADO,,
130,legacy-csv-176,3582500,CERRADO,HABILITADAS,RCK-000121,IMPORTADO_CERRADO,,
131,legacy-csv-177,3582501,CERRADO,HABILITADAS,RCK-000122,IMPORTADO_CERRADO,,
132,legacy-csv-178,3582502,CERRADO,HABILITADAS,RCK-000123,IMPORTADO_CERRADO,,
133,legacy-csv-179,3582503,CERRADO,HABILITADAS,RCK-000124,IMPORTADO_CERRADO,,
134,legacy-csv-180,3582504,CERRADO,HABILITADAS,RCK-000125,IMPORTADO_CERRADO,,
135,legacy-csv-181,3582884,CERRADO,HABILITADAS,RCK-000126,IMPORTADO_CERRADO,,
136,legacy-csv-182,3582885,CERRADO,HABILITADAS,RCK-000127,IMPORTADO_CERRADO,,
137,legacy-csv-183,3582886,CERRADO,HABILITADAS,RCK-000128,IMPORTADO_CERRADO,,
138,legacy-csv-184,3582887,CERRADO,HABILITADAS,RCK-000129,IMPORTADO_CERRADO,,
139,legacy-csv-185,3582888,CERRADO,HABILITADAS,RCK-000130,IMPORTADO_CERRADO,,
140,legacy-csv-186,3582904,CERRADO,HABILITADAS,RCK-000131,IMPORTADO_CERRADO,,
141,legacy-csv-187,3582905,CERRADO,HABILITADAS,RCK-000132,IMPORTADO_CERRADO,,
142,legacy-csv-189,3582908,CERRADO,HABILITADAS,RCK-000133,IMPORTADO_CERRADO,,
143,legacy-csv-190,3582909,CERRADO,HABILITADAS,RCK-000134,IMPORTADO_CERRADO,,
144,legacy-csv-191,3582910,CERRADO,HABILITADAS,RCK-000135,IMPORTADO_CERRADO,,
145,legacy-csv-193,3583207,CERRADO,HABILITADAS,RCK-000136,IMPORTADO_CERRADO,,
146,legacy-csv-194,3583208,CERRADO,HABILITADAS,RCK-000137,IMPORTADO_CERRADO,,
147,legacy-csv-195,3583209,CERRADO,HABILITADAS,RCK-000138,IMPORTADO_CERRADO,,
148,legacy-csv-196,3583210,CERRADO,HABILITADAS,RCK-000139,IMPORTADO_CERRADO,,
149,legacy-csv-197,3583211,CERRADO,HABILITADAS,RCK-000140,IMPORTADO_CERRADO,,
150,legacy-csv-198,3583215,CERRADO,HABILITADAS,RCK-000141,IMPORTADO_CERRADO,,
151,legacy-csv-199,3583216,CERRADO,HABILITADAS,RCK-000142,IMPORTADO_CERRADO,,
152,legacy-csv-200,3583218,CERRADO,HABILITADAS,RCK-000143,IMPORTADO_CERRADO,,
153,legacy-csv-201,3583219,CERRADO,HABILITADAS,RCK-000144,IMPORTADO_CERRADO,,
154,legacy-csv-202,3583220,CERRADO,HABILITADAS,RCK-000145,IMPORTADO_CERRADO,,
155,legacy-csv-203,3584547,CERRADO,HABILITADAS,RCK-000146,IMPORTADO_CERRADO,,
156,legacy-csv-204,3584603,CERRADO,HABILITADAS,RCK-000147,IMPORTADO_CERRADO,,
157,legacy-csv-205,3584603,CERRADO,HABILITADAS,RCK-000148,IMPORTADO_CERRADO,,
158,legacy-csv-206,3584607,CERRADO,HABILITADAS,RCK-000149,IMPORTADO_CERRADO,,
159,legacy-csv-207,3586160,CERRADO,HABILITADAS,RCK-000150,IMPORTADO_CERRADO,,
160,legacy-csv-208,3584608,CERRADO,HABILITADAS,RCK-000151,IMPORTADO_CERRADO,,
161,legacy-csv-209,3586288,CERRADO,HABILITADAS,RCK-000152,IMPORTADO_CERRADO,,
162,legacy-csv-210,3586289,CERRADO,HABILITADAS,RCK-000153,IMPORTADO_CERRADO,,
163,legacy-csv-211,3586290,CERRADO,HABILITADAS,RCK-000154,IMPORTADO_CERRADO,,
164,legacy-csv-212,3586291,CERRADO,HABILITADAS,RCK-000155,IMPORTADO_CERRADO,,
165,legacy-csv-213,3600679,CERRADO,HABILITADAS,RCK-000156,IMPORTADO_CERRADO,,
166,legacy-csv-214,3586292,CERRADO,HABILITADAS,RCK-000157,IMPORTADO_CERRADO,,
167,legacy-csv-216,3586294,CERRADO,HABILITADAS,RCK-000158,IMPORTADO_CERRADO,,
168,legacy-csv-217,3586295,CERRADO,HABILITADAS,RCK-000159,IMPORTADO_CERRADO,,
169,legacy-csv-218,3586296,CERRADO,HABILITADAS,RCK-000160,IMPORTADO_CERRADO,,
170,legacy-csv-220,3586298,CERRADO,HABILITADAS,RCK-000161,IMPORTADO_CERRADO,,
171,legacy-csv-221,3586638,CERRADO,HABILITADAS,RCK-000162,IMPORTADO_CERRADO,,Niveles invalidos ignorados: P
172,legacy-csv-222,3586639,CERRADO,HABILITADAS,RCK-000163,IMPORTADO_CERRADO,,
173,legacy-csv-223,3586640,CERRADO,HABILITADAS,RCK-000164,IMPORTADO_CERRADO,,
174,legacy-csv-224,3586641,CERRADO,HABILITADAS,RCK-000165,IMPORTADO_CERRADO,,
175,legacy-csv-225,3586642,CERRADO,HABILITADAS,RCK-000166,IMPORTADO_CERRADO,,
176,legacy-csv-226,3586643,CERRADO,HABILITADAS,RCK-000167,IMPORTADO_CERRADO,,
177,legacy-csv-227,3586644,CERRADO,HABILITADAS,RCK-000168,IMPORTADO_CERRADO,,
178,legacy-csv-228,3586645,CERRADO,HABILITADAS,RCK-000169,IMPORTADO_CERRADO,,
179,legacy-csv-229,3587117,CERRADO,HABILITADAS,RCK-000170,IMPORTADO_CERRADO,,
180,legacy-csv-230,3587119,CERRADO,HABILITADAS,RCK-000171,IMPORTADO_CERRADO,,
181,legacy-csv-231,3587120,CERRADO,HABILITADAS,RCK-000172,IMPORTADO_CERRADO,,
182,legacy-csv-232,3587122,CERRADO,HABILITADAS,RCK-000173,IMPORTADO_CERRADO,,
183,legacy-csv-233,3587124,CERRADO,HABILITADAS,RCK-000174,IMPORTADO_CERRADO,,
184,legacy-csv-234,3587126,CERRADO,HABILITADAS,RCK-000175,IMPORTADO_CERRADO,,
185,legacy-csv-235,3587132,CERRADO,HABILITADAS,RCK-000176,IMPORTADO_CERRADO,,
186,legacy-csv-236,3587133,CERRADO,HABILITADAS,RCK-000177,IMPORTADO_CERRADO,,
187,legacy-csv-237,3587134,CERRADO,HABILITADAS,RCK-000178,IMPORTADO_CERRADO,,
188,legacy-csv-238,3587521,CERRADO,HABILITADAS,RCK-000179,IMPORTADO_CERRADO,,
189,legacy-csv-753,3628310,CERRADO,HABILITADAS,RCK-000180,IMPORTADO_CERRADO,,
190,legacy-csv-240,3587526,CERRADO,HABILITADAS,RCK-000181,IMPORTADO_CERRADO,,
191,legacy-csv-241,3587528,CERRADO,HABILITADAS,RCK-000182,IMPORTADO_CERRADO,,
192,legacy-csv-242,3587723,CERRADO,HABILITADAS,RCK-000183,IMPORTADO_CERRADO,,
193,legacy-csv-244,3588506,CERRADO,HABILITADAS,RCK-000184,IMPORTADO_CERRADO,,
194,legacy-csv-245,3589649,CERRADO,HABILITADAS,RCK-000185,IMPORTADO_CERRADO,,
195,legacy-csv-246,3589651,CERRADO,HABILITADAS,RCK-000186,IMPORTADO_CERRADO,,
196,legacy-csv-247,3590064,CERRADO,HABILITADAS,RCK-000187,IMPORTADO_CERRADO,,
197,legacy-csv-248,3590068,CERRADO,HABILITADAS,RCK-000188,IMPORTADO_CERRADO,,
198,legacy-csv-250,3590069,CERRADO,HABILITADAS,RCK-000189,IMPORTADO_CERRADO,,
199,legacy-csv-251,3590803,CERRADO,HABILITADAS,RCK-000190,IMPORTADO_CERRADO,,
200,legacy-csv-252,3590804,CERRADO,HABILITADAS,RCK-000191,IMPORTADO_CERRADO,,
201,legacy-csv-253,3590805,CERRADO,HABILITADAS,RCK-000192,IMPORTADO_CERRADO,,
202,legacy-csv-254,3590806,CERRADO,HABILITADAS,RCK-000193,IMPORTADO_CERRADO,,
203,legacy-csv-255,3590848,CERRADO,HABILITADAS,RCK-000194,IMPORTADO_CERRADO,,
204,legacy-csv-256,3590849,CERRADO,HABILITADAS,RCK-000195,IMPORTADO_CERRADO,,
205,legacy-csv-257,3600681,CERRADO,HABILITADAS,RCK-000196,IMPORTADO_CERRADO,,
206,legacy-csv-258,3590851,CERRADO,HABILITADAS,RCK-000197,IMPORTADO_CERRADO,,
207,legacy-csv-259,3590853,CERRADO,HABILITADAS,RCK-000198,IMPORTADO_CERRADO,,
208,legacy-csv-260,3590854,CERRADO,HABILITADAS,RCK-000199,IMPORTADO_CERRADO,,
209,legacy-csv-261,3590855,CERRADO,HABILITADAS,RCK-000200,IMPORTADO_CERRADO,,
210,legacy-csv-263,3590859,CERRADO,HABILITADAS,RCK-000201,IMPORTADO_CERRADO,,
211,legacy-csv-264,3591362,CERRADO,HABILITADAS,RCK-000202,IMPORTADO_CERRADO,,
212,legacy-csv-265,3591365,CERRADO,HABILITADAS,RCK-000203,IMPORTADO_CERRADO,,
213,legacy-csv-266,3591366,CERRADO,HABILITADAS,RCK-000204,IMPORTADO_CERRADO,,
214,legacy-csv-267,3591368,CERRADO,HABILITADAS,RCK-000205,IMPORTADO_CERRADO,,
215,legacy-csv-268,3591370,CERRADO,HABILITADAS,RCK-000206,IMPORTADO_CERRADO,,
216,legacy-csv-269,3591374,CERRADO,HABILITADAS,RCK-000207,IMPORTADO_CERRADO,,
217,legacy-csv-270,3591379,CERRADO,HABILITADAS,RCK-000208,IMPORTADO_CERRADO,,
218,legacy-csv-271,3591380,CERRADO,HABILITADAS,RCK-000209,IMPORTADO_CERRADO,,
219,legacy-csv-273,3592340,CERRADO,HABILITADAS,RCK-000210,IMPORTADO_CERRADO,,
220,legacy-csv-274,3592341,CERRADO,HABILITADAS,RCK-000211,IMPORTADO_CERRADO,,
221,legacy-csv-275,3592342,CERRADO,HABILITADAS,RCK-000212,IMPORTADO_CERRADO,,
222,legacy-csv-276,3592344,CERRADO,HABILITADAS,RCK-000213,IMPORTADO_CERRADO,,
223,legacy-csv-277,3592345,CERRADO,HABILITADAS,RCK-000214,IMPORTADO_CERRADO,,
224,legacy-csv-280,3592356,CERRADO,HABILITADAS,RCK-000215,IMPORTADO_CERRADO,,
225,legacy-csv-281,3592359,CERRADO,HABILITADAS,RCK-000216,IMPORTADO_CERRADO,,
226,legacy-csv-282,3592870,CERRADO,HABILITADAS,RCK-000217,IMPORTADO_CERRADO,,
227,legacy-csv-283,3592873,CERRADO,HABILITADAS,RCK-000218,IMPORTADO_CERRADO,,
228,legacy-csv-284,3592874,CERRADO,HABILITADAS,RCK-000219,IMPORTADO_CERRADO,,
229,legacy-csv-285,3593576,CERRADO,HABILITADAS,RCK-000220,IMPORTADO_CERRADO,,
230,legacy-csv-286,3593757,CERRADO,HABILITADAS,RCK-000221,IMPORTADO_CERRADO,,
231,legacy-csv-287,3593759,CERRADO,HABILITADAS,RCK-000222,IMPORTADO_CERRADO,,
232,legacy-csv-288,3593762,CERRADO,HABILITADAS,RCK-000223,IMPORTADO_CERRADO,,
233,legacy-csv-289,3593764,CERRADO,HABILITADAS,RCK-000224,IMPORTADO_CERRADO,,
234,legacy-csv-290,3593766,CERRADO,HABILITADAS,RCK-000225,IMPORTADO_CERRADO,,
235,legacy-csv-291,3594689,CERRADO,HABILITADAS,RCK-000226,IMPORTADO_CERRADO,,
236,legacy-csv-292,3594690,CERRADO,HABILITADAS,RCK-000227,IMPORTADO_CERRADO,,
237,legacy-csv-293,3594691,CERRADO,HABILITADAS,RCK-000228,IMPORTADO_CERRADO,,
238,legacy-csv-294,3594692,CERRADO,HABILITADAS,RCK-000229,IMPORTADO_CERRADO,,
239,legacy-csv-296,3594977,CERRADO,HABILITADAS,RCK-000230,IMPORTADO_CERRADO,,
240,legacy-csv-297,3596335,CERRADO,HABILITADAS,RCK-000231,IMPORTADO_CERRADO,,
241,legacy-csv-298,3596336,CERRADO,HABILITADAS,RCK-000232,IMPORTADO_CERRADO,,
242,legacy-csv-299,3596337,CERRADO,HABILITADAS,RCK-000233,IMPORTADO_CERRADO,,
243,legacy-csv-300,3596338,CERRADO,HABILITADAS,RCK-000234,IMPORTADO_CERRADO,,
244,legacy-csv-301,3596339,CERRADO,HABILITADAS,RCK-000235,IMPORTADO_CERRADO,,
245,legacy-csv-303,3596342,CERRADO,HABILITADAS,RCK-000236,IMPORTADO_CERRADO,,
246,legacy-csv-304,3596343,CERRADO,HABILITADAS,RCK-000237,IMPORTADO_CERRADO,,
247,legacy-csv-306,3596345,CERRADO,HABILITADAS,RCK-000238,IMPORTADO_CERRADO,,
248,legacy-csv-307,3596346,CERRADO,HABILITADAS,RCK-000239,IMPORTADO_CERRADO,,
249,legacy-csv-308,3596347,CERRADO,HABILITADAS,RCK-000240,IMPORTADO_CERRADO,,
250,legacy-csv-309,3596297,CERRADO,HABILITADAS,RCK-000241,IMPORTADO_CERRADO,,
251,legacy-csv-310,3596298,CERRADO,HABILITADAS,RCK-000242,IMPORTADO_CERRADO,,
252,legacy-csv-311,3596510,CERRADO,HABILITADAS,RCK-000243,IMPORTADO_CERRADO,,
253,legacy-csv-312,3596512,CERRADO,HABILITADAS,RCK-000244,IMPORTADO_CERRADO,,
254,legacy-csv-313,3596514,CERRADO,HABILITADAS,RCK-000245,IMPORTADO_CERRADO,,
255,legacy-csv-314,3596518,CERRADO,HABILITADAS,RCK-000246,IMPORTADO_CERRADO,,
256,legacy-csv-315,3596523,CERRADO,HABILITADAS,RCK-000247,IMPORTADO_CERRADO,,
257,legacy-csv-316,3598490,CERRADO,HABILITADAS,RCK-000248,IMPORTADO_CERRADO,,
258,legacy-csv-317,3597081,CERRADO,HABILITADAS,RCK-000249,IMPORTADO_CERRADO,,
259,legacy-csv-318,3597083,CERRADO,HABILITADAS,RCK-000250,IMPORTADO_CERRADO,,
260,legacy-csv-319,3597084,CERRADO,HABILITADAS,RCK-000251,IMPORTADO_CERRADO,,
261,legacy-csv-320,3597085,CERRADO,HABILITADAS,RCK-000252,IMPORTADO_CERRADO,,
262,legacy-csv-321,3597087,CERRADO,HABILITADAS,RCK-000253,IMPORTADO_CERRADO,,
263,legacy-csv-322,3597455,CERRADO,HABILITADAS,RCK-000254,IMPORTADO_CERRADO,,
264,legacy-csv-323,3597456,CERRADO,HABILITADAS,RCK-000255,IMPORTADO_CERRADO,,
265,legacy-csv-324,3597457,CERRADO,HABILITADAS,RCK-000256,IMPORTADO_CERRADO,,
266,legacy-csv-325,3597458,CERRADO,HABILITADAS,RCK-000257,IMPORTADO_CERRADO,,
267,legacy-csv-326,3597459,CERRADO,HABILITADAS,RCK-000258,IMPORTADO_CERRADO,,
268,legacy-csv-327,3597460,CERRADO,HABILITADAS,RCK-000259,IMPORTADO_CERRADO,,
269,legacy-csv-328,3597461,CERRADO,HABILITADAS,RCK-000260,IMPORTADO_CERRADO,,
270,legacy-csv-329,3597462,CERRADO,HABILITADAS,RCK-000261,IMPORTADO_CERRADO,,
271,legacy-csv-330,3597463,CERRADO,HABILITADAS,RCK-000262,IMPORTADO_CERRADO,,
272,legacy-csv-331,3597464,CERRADO,HABILITADAS,RCK-000263,IMPORTADO_CERRADO,,
273,legacy-csv-332,3597465,CERRADO,HABILITADAS,RCK-000264,IMPORTADO_CERRADO,,
274,legacy-csv-333,3597466,CERRADO,HABILITADAS,RCK-000265,IMPORTADO_CERRADO,,
275,legacy-csv-334,3597467,CERRADO,HABILITADAS,RCK-000266,IMPORTADO_CERRADO,,
276,legacy-csv-335,3597468,CERRADO,HABILITADAS,RCK-000267,IMPORTADO_CERRADO,,
277,legacy-csv-336,3597469,CERRADO,HABILITADAS,RCK-000268,IMPORTADO_CERRADO,,
278,legacy-csv-337,3597470,CERRADO,HABILITADAS,RCK-000269,IMPORTADO_CERRADO,,
279,legacy-csv-338,3597471,CERRADO,HABILITADAS,RCK-000270,IMPORTADO_CERRADO,,
280,legacy-csv-339,3597884,CERRADO,HABILITADAS,RCK-000271,IMPORTADO_CERRADO,,
281,legacy-csv-340,3597890,CERRADO,HABILITADAS,RCK-000272,IMPORTADO_CERRADO,,
282,legacy-csv-341,3597982,CERRADO,HABILITADAS,RCK-000273,IMPORTADO_CERRADO,,
283,legacy-csv-343,3598746,CERRADO,HABILITADAS,RCK-000274,IMPORTADO_CERRADO,,
284,legacy-csv-344,3598757,CERRADO,HABILITADAS,RCK-000275,IMPORTADO_CERRADO,,
285,legacy-csv-345,3598758,CERRADO,HABILITADAS,RCK-000276,IMPORTADO_CERRADO,,
286,legacy-csv-347,3598929,CERRADO,HABILITADAS,RCK-000277,IMPORTADO_CERRADO,,
287,legacy-csv-348,3598930,CERRADO,HABILITADAS,RCK-000278,IMPORTADO_CERRADO,,
288,legacy-csv-349,3598931,CERRADO,HABILITADAS,RCK-000279,IMPORTADO_CERRADO,,
289,legacy-csv-350,3598932,CERRADO,HABILITADAS,RCK-000280,IMPORTADO_CERRADO,,
290,legacy-csv-353,3598933,CERRADO,HABILITADAS,RCK-000281,IMPORTADO_CERRADO,,
291,legacy-csv-354,3599203,CERRADO,HABILITADAS,RCK-000282,IMPORTADO_CERRADO,,
292,legacy-csv-358,3599212,CERRADO,HABILITADAS,RCK-000283,IMPORTADO_CERRADO,,
293,legacy-csv-359,3599213,CERRADO,HABILITADAS,RCK-000284,IMPORTADO_CERRADO,,
294,legacy-csv-360,3599215,CERRADO,HABILITADAS,RCK-000285,IMPORTADO_CERRADO,,
295,legacy-csv-362,3599219,CERRADO,HABILITADAS,RCK-000286,IMPORTADO_CERRADO,,
296,legacy-csv-364,3599222,CERRADO,HABILITADAS,RCK-000287,IMPORTADO_CERRADO,,
297,legacy-csv-365,3599223,CERRADO,HABILITADAS,RCK-000288,IMPORTADO_CERRADO,,
298,legacy-csv-367,3599225,CERRADO,HABILITADAS,RCK-000289,IMPORTADO_CERRADO,,
299,legacy-csv-368,3599226,CERRADO,HABILITADAS,RCK-000290,IMPORTADO_CERRADO,,
300,legacy-csv-369,3599898,CERRADO,HABILITADAS,RCK-000291,IMPORTADO_CERRADO,,
301,legacy-csv-370,3599899,CERRADO,HABILITADAS,RCK-000292,IMPORTADO_CERRADO,,
302,legacy-csv-371,3599900,CERRADO,HABILITADAS,RCK-000293,IMPORTADO_CERRADO,,
303,legacy-csv-372,3600295,CERRADO,HABILITADAS,RCK-000294,IMPORTADO_CERRADO,,
304,legacy-csv-378,3600299,CERRADO,HABILITADAS,RCK-000295,IMPORTADO_CERRADO,,
305,legacy-csv-380,3600300,CERRADO,HABILITADAS,RCK-000296,IMPORTADO_CERRADO,,
306,legacy-csv-381,3600660,CERRADO,HABILITADAS,RCK-000297,IMPORTADO_CERRADO,,
307,legacy-csv-383,3600659,CERRADO,HABILITADAS,RCK-000298,IMPORTADO_CERRADO,,
308,legacy-csv-384,3600658,CERRADO,HABILITADAS,RCK-000299,IMPORTADO_CERRADO,,
309,legacy-csv-385,3600656,CERRADO,HABILITADAS,RCK-000300,IMPORTADO_CERRADO,,
310,legacy-csv-386,3600654,CERRADO,HABILITADAS,RCK-000301,IMPORTADO_CERRADO,,
311,legacy-csv-398,3602222,CERRADO,HABILITADAS,RCK-000302,IMPORTADO_CERRADO,,
312,legacy-csv-400,3602224,CERRADO,HABILITADAS,RCK-000303,IMPORTADO_CERRADO,,
313,legacy-csv-404,3603030,CERRADO,HABILITADAS,RCK-000304,IMPORTADO_CERRADO,,
314,legacy-csv-413,3603597,CERRADO,HABILITADAS,RCK-000305,IMPORTADO_CERRADO,,
315,legacy-csv-415,3604073,CERRADO,HABILITADAS,RCK-000306,IMPORTADO_CERRADO,,
316,legacy-csv-416,3604076,CERRADO,HABILITADAS,RCK-000307,IMPORTADO_CERRADO,,
317,legacy-csv-417,3604078,CERRADO,HABILITADAS,RCK-000308,IMPORTADO_CERRADO,,
318,legacy-csv-419,3604082,CERRADO,HABILITADAS,RCK-000309,IMPORTADO_CERRADO,,
319,legacy-csv-443,3608798,CERRADO,HABILITADAS,RCK-000310,IMPORTADO_CERRADO,,
320,legacy-csv-444,3608872,CERRADO,HABILITADAS,RCK-000311,IMPORTADO_CERRADO,,
321,legacy-csv-445,3608873,CERRADO,HABILITADAS,RCK-000312,IMPORTADO_CERRADO,,
322,legacy-csv-446,3609114,CERRADO,HABILITADAS,RCK-000313,IMPORTADO_CERRADO,,
323,legacy-csv-448,3609120,CERRADO,HABILITADAS,RCK-000314,IMPORTADO_CERRADO,,
324,legacy-csv-449,3609122,CERRADO,HABILITADAS,RCK-000315,IMPORTADO_CERRADO,,
325,legacy-csv-450,3609124,CERRADO,HABILITADAS,RCK-000316,IMPORTADO_CERRADO,,
326,legacy-csv-451,3609125,CERRADO,HABILITADAS,RCK-000317,IMPORTADO_CERRADO,,
327,legacy-csv-452,3609126,CERRADO,HABILITADAS,RCK-000318,IMPORTADO_CERRADO,,
328,legacy-csv-453,3609127,CERRADO,HABILITADAS,RCK-000319,IMPORTADO_CERRADO,,
329,legacy-csv-441,3608637,CERRADO,HABILITADAS,RCK-000320,IMPORTADO_CERRADO,,
330,legacy-csv-352,3600685,CERRADO,HABILITADAS,RCK-000321,IMPORTADO_CERRADO,,
331,legacy-csv-373,3600296,CERRADO,HABILITADAS,RCK-000322,IMPORTADO_CERRADO,,
332,legacy-csv-139,3579114,CERRADO,HABILITADAS,RCK-000323,IMPORTADO_CERRADO,,
333,legacy-csv-175,3582499,CERRADO,HABILITADAS,RCK-000324,IMPORTADO_CERRADO,,
334,legacy-csv-215,3586293,CERRADO,HABILITADAS,RCK-000325,IMPORTADO_CERRADO,,
335,legacy-csv-219,3586297,CERRADO,HABILITADAS,RCK-000326,IMPORTADO_CERRADO,,
336,legacy-csv-249,3600680,CERRADO,HABILITADAS,RCK-000327,IMPORTADO_CERRADO,,
337,legacy-csv-302,3596340,CERRADO,HABILITADAS,RCK-000328,IMPORTADO_CERRADO,,
338,legacy-csv-305,3596344,CERRADO,HABILITADAS,RCK-000329,IMPORTADO_CERRADO,,
339,legacy-csv-346,3600683,CERRADO,HABILITADAS,RCK-000330,IMPORTADO_CERRADO,,
340,legacy-csv-351,3600684,CERRADO,HABILITADAS,RCK-000331,IMPORTADO_CERRADO,,
341,legacy-csv-355,3599206,CERRADO,HABILITADAS,RCK-000332,IMPORTADO_CERRADO,,
342,legacy-csv-356,3599209,CERRADO,HABILITADAS,RCK-000333,IMPORTADO_CERRADO,,
343,legacy-csv-357,3599211,CERRADO,HABILITADAS,RCK-000334,IMPORTADO_CERRADO,,
344,legacy-csv-361,3599216,CERRADO,HABILITADAS,RCK-000335,IMPORTADO_CERRADO,,
345,legacy-csv-363,3599220,CERRADO,HABILITADAS,RCK-000336,IMPORTADO_CERRADO,,
346,legacy-csv-366,3599224,CERRADO,HABILITADAS,RCK-000337,IMPORTADO_CERRADO,,
347,legacy-csv-374,3600297,CERRADO,HABILITADAS,RCK-000338,IMPORTADO_CERRADO,,
348,legacy-csv-375,3600686,CERRADO,HABILITADAS,RCK-000339,IMPORTADO_CERRADO,,
349,legacy-csv-376,3600662,CERRADO,HABILITADAS,RCK-000340,IMPORTADO_CERRADO,,
350,legacy-csv-377,3600298,CERRADO,HABILITADAS,RCK-000341,IMPORTADO_CERRADO,,
351,legacy-csv-382,3600301,CERRADO,HABILITADAS,RCK-000342,IMPORTADO_CERRADO,,
352,legacy-csv-387,3600653,CERRADO,HABILITADAS,RCK-000343,IMPORTADO_CERRADO,,
353,legacy-csv-388,3600651,CERRADO,HABILITADAS,RCK-000344,IMPORTADO_CERRADO,,
354,legacy-csv-389,3601308,CERRADO,HABILITADAS,RCK-000345,IMPORTADO_CERRADO,,
355,legacy-csv-390,3601309,CERRADO,HABILITADAS,RCK-000346,IMPORTADO_CERRADO,,
356,legacy-csv-391,3602219,CERRADO,HABILITADAS,RCK-000347,IMPORTADO_CERRADO,,
357,legacy-csv-392,3601808,CERRADO,HABILITADAS,RCK-000348,IMPORTADO_CERRADO,,
358,legacy-csv-262,3590856,CERRADO,HABILITADAS,RCK-000349,IMPORTADO_CERRADO,,
359,legacy-csv-397,3602220,CERRADO,HABILITADAS,RCK-000350,IMPORTADO_CERRADO,,
360,legacy-csv-399,3602215,CERRADO,HABILITADAS,RCK-000351,IMPORTADO_CERRADO,,
361,legacy-csv-401,3602635,CERRADO,HABILITADAS,RCK-000352,IMPORTADO_CERRADO,,
362,legacy-csv-402,3602637,CERRADO,HABILITADAS,RCK-000353,IMPORTADO_CERRADO,,
363,legacy-csv-403,3602665,CERRADO,HABILITADAS,RCK-000354,IMPORTADO_CERRADO,,
364,legacy-csv-405,3603031,CERRADO,HABILITADAS,RCK-000355,IMPORTADO_CERRADO,,
365,legacy-csv-408,3603475,CERRADO,HABILITADAS,RCK-000356,IMPORTADO_CERRADO,,
366,legacy-csv-409,3603478,CERRADO,HABILITADAS,RCK-000357,IMPORTADO_CERRADO,,
367,legacy-csv-410,3603479,CERRADO,HABILITADAS,RCK-000358,IMPORTADO_CERRADO,,
368,legacy-csv-411,3603480,CERRADO,HABILITADAS,RCK-000359,IMPORTADO_CERRADO,,
369,legacy-csv-412,3603573,CERRADO,HABILITADAS,RCK-000360,IMPORTADO_CERRADO,,
370,legacy-csv-418,3604081,CERRADO,HABILITADAS,RCK-000361,IMPORTADO_CERRADO,,
371,legacy-csv-420,3604084,CERRADO,HABILITADAS,RCK-000362,IMPORTADO_CERRADO,,
372,legacy-csv-421,3604158,CERRADO,HABILITADAS,RCK-000363,IMPORTADO_CERRADO,,
373,legacy-csv-422,3604358,CERRADO,HABILITADAS,RCK-000364,IMPORTADO_CERRADO,,
374,legacy-csv-423,3604359,CERRADO,HABILITADAS,RCK-000365,IMPORTADO_CERRADO,,
375,legacy-csv-424,3604527,CERRADO,HABILITADAS,RCK-000366,IMPORTADO_CERRADO,,
376,legacy-csv-425,3605287,CERRADO,HABILITADAS,RCK-000367,IMPORTADO_CERRADO,,
377,legacy-csv-426,3608110,CERRADO,HABILITADAS,RCK-000368,IMPORTADO_CERRADO,,
378,legacy-csv-428,3607706,CERRADO,HABILITADAS,RCK-000369,IMPORTADO_CERRADO,,
379,legacy-csv-429,3607707,CERRADO,HABILITADAS,,ERROR_VALIDACION,Ubicacion obligatoria.,Huecos no numericos ignorados: 67D
380,legacy-csv-430,3608340,CERRADO,HABILITADAS,RCK-000370,IMPORTADO_CERRADO,,
381,legacy-csv-431,3608493,CERRADO,HABILITADAS,RCK-000371,IMPORTADO_CERRADO,,
382,legacy-csv-432,3608492,CERRADO,HABILITADAS,RCK-000372,IMPORTADO_CERRADO,,
383,legacy-csv-433,3608608,CERRADO,HABILITADAS,RCK-000373,IMPORTADO_CERRADO,,
384,legacy-csv-435,3608627,CERRADO,HABILITADAS,RCK-000374,IMPORTADO_CERRADO,,
385,legacy-csv-436,3608628,CERRADO,HABILITADAS,RCK-000375,IMPORTADO_CERRADO,,
386,legacy-csv-437,3608630,CERRADO,HABILITADAS,RCK-000376,IMPORTADO_CERRADO,,
387,legacy-csv-438,3608631,CERRADO,HABILITADAS,RCK-000377,IMPORTADO_CERRADO,,
388,legacy-csv-439,3608632,CERRADO,HABILITADAS,RCK-000378,IMPORTADO_CERRADO,,
389,legacy-csv-440,3608635,CERRADO,HABILITADAS,RCK-000379,IMPORTADO_CERRADO,,
390,legacy-csv-442,3608648,CERRADO,HABILITADAS,RCK-000380,IMPORTADO_CERRADO,,
391,legacy-csv-447,3609119,CERRADO,HABILITADAS,RCK-000381,IMPORTADO_CERRADO,,
392,legacy-csv-454,3609128,CERRADO,HABILITADAS,RCK-000382,IMPORTADO_CERRADO,,
393,legacy-csv-455,3609130,CERRADO,HABILITADAS,RCK-000383,IMPORTADO_CERRADO,,
394,legacy-csv-456,3609131,CERRADO,HABILITADAS,RCK-000384,IMPORTADO_CERRADO,,
395,legacy-csv-457,3609133,CERRADO,HABILITADAS,RCK-000385,IMPORTADO_CERRADO,,
396,legacy-csv-458,3609220,CERRADO,HABILITADAS,RCK-000386,IMPORTADO_CERRADO,,
397,legacy-csv-459,3609267,CERRADO,HABILITADAS,RCK-000387,IMPORTADO_CERRADO,,
398,legacy-csv-460,3609269,CERRADO,HABILITADAS,RCK-000388,IMPORTADO_CERRADO,,
399,legacy-csv-461,3609270,CERRADO,HABILITADAS,RCK-000389,IMPORTADO_CERRADO,,
400,legacy-csv-462,3609285,CERRADO,HABILITADAS,RCK-000390,IMPORTADO_CERRADO,,
401,legacy-csv-463,3609845,CERRADO,HABILITADAS,RCK-000391,IMPORTADO_CERRADO,,
402,legacy-csv-464,3609847,CERRADO,HABILITADAS,RCK-000392,IMPORTADO_CERRADO,,
403,legacy-csv-465,3610424,CERRADO,HABILITADAS,RCK-000393,IMPORTADO_CERRADO,,
404,legacy-csv-466,3610425,CERRADO,HABILITADAS,RCK-000394,IMPORTADO_CERRADO,,
405,legacy-csv-467,3610426,CERRADO,HABILITADAS,RCK-000395,IMPORTADO_CERRADO,,
406,legacy-csv-468,3610428,CERRADO,HABILITADAS,RCK-000396,IMPORTADO_CERRADO,,
407,legacy-csv-469,3610794,CERRADO,HABILITADAS,RCK-000397,IMPORTADO_CERRADO,,
408,legacy-csv-470,3610830,CERRADO,HABILITADAS,RCK-000398,IMPORTADO_CERRADO,,
409,legacy-csv-471,3610831,CERRADO,HABILITADAS,RCK-000399,IMPORTADO_CERRADO,,
410,legacy-csv-472,3610795,CERRADO,HABILITADAS,RCK-000400,IMPORTADO_CERRADO,,
411,legacy-csv-473,3610796,CERRADO,HABILITADAS,RCK-000401,IMPORTADO_CERRADO,,
412,legacy-csv-474,3610797,CERRADO,HABILITADAS,RCK-000402,IMPORTADO_CERRADO,,
413,legacy-csv-475,3610798,CERRADO,HABILITADAS,RCK-000403,IMPORTADO_CERRADO,,
414,legacy-csv-476,3610799,CERRADO,HABILITADAS,RCK-000404,IMPORTADO_CERRADO,,
415,legacy-csv-477,3610800,CERRADO,HABILITADAS,RCK-000405,IMPORTADO_CERRADO,,
416,legacy-csv-478,3610801,CERRADO,HABILITADAS,RCK-000406,IMPORTADO_CERRADO,,
417,legacy-csv-479,3610803,CERRADO,HABILITADAS,RCK-000407,IMPORTADO_CERRADO,,
418,legacy-csv-480,3610804,CERRADO,HABILITADAS,RCK-000408,IMPORTADO_CERRADO,,
419,legacy-csv-481,3610805,CERRADO,HABILITADAS,RCK-000409,IMPORTADO_CERRADO,,
420,legacy-csv-482,3610806,CERRADO,HABILITADAS,RCK-000410,IMPORTADO_CERRADO,,
421,legacy-csv-483,3610807,CERRADO,HABILITADAS,RCK-000411,IMPORTADO_CERRADO,,
422,legacy-csv-484,3610808,CERRADO,HABILITADAS,RCK-000412,IMPORTADO_CERRADO,,
423,legacy-csv-485,3610809,CERRADO,HABILITADAS,RCK-000413,IMPORTADO_CERRADO,,
424,legacy-csv-486,3610810,CERRADO,HABILITADAS,RCK-000414,IMPORTADO_CERRADO,,
425,legacy-csv-487,3610811,CERRADO,HABILITADAS,RCK-000415,IMPORTADO_CERRADO,,
426,legacy-csv-491,3610824,CERRADO,HABILITADAS,RCK-000416,IMPORTADO_CERRADO,,
427,legacy-csv-492,3610826,CERRADO,HABILITADAS,RCK-000417,IMPORTADO_CERRADO,,
428,legacy-csv-493,3610829,CERRADO,HABILITADAS,RCK-000418,IMPORTADO_CERRADO,,
429,legacy-csv-494,3611249,CERRADO,HABILITADAS,RCK-000419,IMPORTADO_CERRADO,,
430,legacy-csv-495,3611250,CERRADO,HABILITADAS,RCK-000420,IMPORTADO_CERRADO,,
431,legacy-csv-496,3611251,CERRADO,HABILITADAS,RCK-000421,IMPORTADO_CERRADO,,
432,legacy-csv-497,3611368,CERRADO,HABILITADAS,RCK-000422,IMPORTADO_CERRADO,,
433,legacy-csv-498,3611370,CERRADO,HABILITADAS,RCK-000423,IMPORTADO_CERRADO,,
434,legacy-csv-499,3611804,CERRADO,HABILITADAS,RCK-000424,IMPORTADO_CERRADO,,
435,legacy-csv-500,3611809,CERRADO,HABILITADAS,RCK-000425,IMPORTADO_CERRADO,,
436,legacy-csv-501,3611813,CERRADO,HABILITADAS,RCK-000426,IMPORTADO_CERRADO,,
437,legacy-csv-502,3611818,CERRADO,HABILITADAS,RCK-000427,IMPORTADO_CERRADO,,
438,legacy-csv-503,3611956,CERRADO,HABILITADAS,RCK-000428,IMPORTADO_CERRADO,,
439,legacy-csv-504,3612279,CERRADO,HABILITADAS,RCK-000429,IMPORTADO_CERRADO,,
440,legacy-csv-505,3612281,CERRADO,HABILITADAS,RCK-000430,IMPORTADO_CERRADO,,
441,legacy-csv-506,3612282,CERRADO,HABILITADAS,RCK-000431,IMPORTADO_CERRADO,,
442,legacy-csv-507,3611957,CERRADO,HABILITADAS,RCK-000432,IMPORTADO_CERRADO,,
443,legacy-csv-508,3612283,CERRADO,HABILITADAS,RCK-000433,IMPORTADO_CERRADO,,
444,legacy-csv-509,3612284,CERRADO,HABILITADAS,RCK-000434,IMPORTADO_CERRADO,,
445,legacy-csv-510,3612285,CERRADO,HABILITADAS,RCK-000435,IMPORTADO_CERRADO,,
446,legacy-csv-512,3612287,CERRADO,HABILITADAS,RCK-000436,IMPORTADO_CERRADO,,
447,legacy-csv-511,3612286,CERRADO,HABILITADAS,RCK-000437,IMPORTADO_CERRADO,,
448,legacy-csv-513,3612288,CERRADO,HABILITADAS,RCK-000438,IMPORTADO_CERRADO,,
449,legacy-csv-514,3612289,CERRADO,HABILITADAS,RCK-000439,IMPORTADO_CERRADO,,
450,legacy-csv-515,3612290,CERRADO,HABILITADAS,RCK-000440,IMPORTADO_CERRADO,,
451,legacy-csv-516,3611958,CERRADO,HABILITADAS,RCK-000441,IMPORTADO_CERRADO,,
452,legacy-csv-517,3611959,CERRADO,HABILITADAS,RCK-000442,IMPORTADO_CERRADO,,
453,legacy-csv-518,3611961,CERRADO,HABILITADAS,RCK-000443,IMPORTADO_CERRADO,,
454,legacy-csv-519,3612291,CERRADO,HABILITADAS,RCK-000444,IMPORTADO_CERRADO,,
455,legacy-csv-520,3612091,CERRADO,HABILITADAS,RCK-000445,IMPORTADO_CERRADO,,
456,legacy-csv-521,3612092,CERRADO,HABILITADAS,RCK-000446,IMPORTADO_CERRADO,,
457,legacy-csv-522,3612094,CERRADO,HABILITADAS,RCK-000447,IMPORTADO_CERRADO,,
458,legacy-csv-523,3612095,CERRADO,HABILITADAS,RCK-000448,IMPORTADO_CERRADO,,
459,legacy-csv-524,3612292,CERRADO,HABILITADAS,RCK-000449,IMPORTADO_CERRADO,,
460,legacy-csv-525,3612293,CERRADO,HABILITADAS,RCK-000450,IMPORTADO_CERRADO,,
461,legacy-csv-526,3612294,CERRADO,HABILITADAS,RCK-000451,IMPORTADO_CERRADO,,
462,legacy-csv-527,3612295,CERRADO,HABILITADAS,RCK-000452,IMPORTADO_CERRADO,,
463,legacy-csv-528,3612296,CERRADO,HABILITADAS,RCK-000453,IMPORTADO_CERRADO,,
464,legacy-csv-529,3612297,CERRADO,HABILITADAS,RCK-000454,IMPORTADO_CERRADO,,
465,legacy-csv-530,3612298,CERRADO,HABILITADAS,RCK-000455,IMPORTADO_CERRADO,,
466,legacy-csv-531,3612299,CERRADO,HABILITADAS,RCK-000456,IMPORTADO_CERRADO,,
467,legacy-csv-532,3612300,CERRADO,HABILITADAS,RCK-000457,IMPORTADO_CERRADO,,
468,legacy-csv-535,3612303,CERRADO,HABILITADAS,RCK-000458,IMPORTADO_CERRADO,,
469,legacy-csv-536,3612304,CERRADO,HABILITADAS,RCK-000459,IMPORTADO_CERRADO,,
470,legacy-csv-537,3612305,CERRADO,HABILITADAS,RCK-000460,IMPORTADO_CERRADO,,
471,legacy-csv-534,3612302,CERRADO,HABILITADAS,RCK-000461,IMPORTADO_CERRADO,,
472,legacy-csv-533,3612301,CERRADO,HABILITADAS,RCK-000462,IMPORTADO_CERRADO,,
473,legacy-csv-538,3612306,CERRADO,HABILITADAS,RCK-000463,IMPORTADO_CERRADO,,
474,legacy-csv-539,3612307,CERRADO,HABILITADAS,RCK-000464,IMPORTADO_CERRADO,,
475,legacy-csv-540,3612308,CERRADO,HABILITADAS,RCK-000465,IMPORTADO_CERRADO,,
476,legacy-csv-541,3612309,CERRADO,HABILITADAS,RCK-000466,IMPORTADO_CERRADO,,
477,legacy-csv-542,3612310,CERRADO,HABILITADAS,RCK-000467,IMPORTADO_CERRADO,,
478,legacy-csv-543,3612311,CERRADO,HABILITADAS,RCK-000468,IMPORTADO_CERRADO,,
479,legacy-csv-544,3612593,CERRADO,HABILITADAS,RCK-000469,IMPORTADO_CERRADO,,
480,legacy-csv-545,3612596,CERRADO,HABILITADAS,RCK-000470,IMPORTADO_CERRADO,,
481,legacy-csv-546,3612597,CERRADO,HABILITADAS,RCK-000471,IMPORTADO_CERRADO,,
482,legacy-csv-547,3612599,CERRADO,HABILITADAS,RCK-000472,IMPORTADO_CERRADO,,
483,legacy-csv-548,3612605,CERRADO,HABILITADAS,RCK-000473,IMPORTADO_CERRADO,,
484,legacy-csv-549,3612606,CERRADO,HABILITADAS,RCK-000474,IMPORTADO_CERRADO,,
485,legacy-csv-550,3612611,CERRADO,HABILITADAS,RCK-000475,IMPORTADO_CERRADO,,
486,legacy-csv-551,3612612,CERRADO,HABILITADAS,RCK-000476,IMPORTADO_CERRADO,,
487,legacy-csv-552,3612613,CERRADO,HABILITADAS,RCK-000477,IMPORTADO_CERRADO,,
488,legacy-csv-553,3612626,CERRADO,HABILITADAS,RCK-000478,IMPORTADO_CERRADO,,
489,legacy-csv-554,3612628,CERRADO,HABILITADAS,RCK-000479,IMPORTADO_CERRADO,,
490,legacy-csv-555,3612640,CERRADO,HABILITADAS,RCK-000480,IMPORTADO_CERRADO,,
491,legacy-csv-556,3612641,CERRADO,HABILITADAS,RCK-000481,IMPORTADO_CERRADO,,
492,legacy-csv-557,3612642,CERRADO,HABILITADAS,RCK-000482,IMPORTADO_CERRADO,,
493,legacy-csv-558,3612643,CERRADO,HABILITADAS,RCK-000483,IMPORTADO_CERRADO,,
494,legacy-csv-559,3612644,CERRADO,HABILITADAS,RCK-000484,IMPORTADO_CERRADO,,
495,legacy-csv-560,3612673,CERRADO,HABILITADAS,RCK-000485,IMPORTADO_CERRADO,,
496,legacy-csv-561,3612674,CERRADO,HABILITADAS,RCK-000486,IMPORTADO_CERRADO,,
497,legacy-csv-562,3612675,CERRADO,HABILITADAS,RCK-000487,IMPORTADO_CERRADO,,
498,legacy-csv-563,3612676,CERRADO,HABILITADAS,RCK-000488,IMPORTADO_CERRADO,,
499,legacy-csv-564,3612678,CERRADO,HABILITADAS,RCK-000489,IMPORTADO_CERRADO,,
500,legacy-csv-565,3612677,CERRADO,HABILITADAS,RCK-000490,IMPORTADO_CERRADO,,
501,legacy-csv-566,3612679,CERRADO,HABILITADAS,RCK-000491,IMPORTADO_CERRADO,,
502,legacy-csv-567,3612680,CERRADO,HABILITADAS,RCK-000492,IMPORTADO_CERRADO,,
503,legacy-csv-568,3612682,CERRADO,HABILITADAS,RCK-000493,IMPORTADO_CERRADO,,
504,legacy-csv-569,3612683,CERRADO,HABILITADAS,RCK-000494,IMPORTADO_CERRADO,,
505,legacy-csv-570,3612684,CERRADO,HABILITADAS,RCK-000495,IMPORTADO_CERRADO,,
506,legacy-csv-571,3612686,CERRADO,HABILITADAS,RCK-000496,IMPORTADO_CERRADO,,
507,legacy-csv-572,3613014,CERRADO,HABILITADAS,RCK-000497,IMPORTADO_CERRADO,,
508,legacy-csv-573,3613015,CERRADO,HABILITADAS,RCK-000498,IMPORTADO_CERRADO,,
509,legacy-csv-575,3613018,CERRADO,HABILITADAS,RCK-000499,IMPORTADO_CERRADO,,
510,legacy-csv-576,3613462,CERRADO,HABILITADAS,RCK-000500,IMPORTADO_CERRADO,,
511,legacy-csv-577,3613461,CERRADO,HABILITADAS,RCK-000501,IMPORTADO_CERRADO,,
512,legacy-csv-578,3613463,CERRADO,HABILITADAS,RCK-000502,IMPORTADO_CERRADO,,
513,legacy-csv-579,3614235,CERRADO,HABILITADAS,RCK-000503,IMPORTADO_CERRADO,,
514,legacy-csv-580,3614236,CERRADO,HABILITADAS,RCK-000504,IMPORTADO_CERRADO,,
515,legacy-csv-581,3614237,CERRADO,HABILITADAS,RCK-000505,IMPORTADO_CERRADO,,
516,legacy-csv-582,3614239,CERRADO,HABILITADAS,RCK-000506,IMPORTADO_CERRADO,,
517,legacy-csv-583,3614241,CERRADO,HABILITADAS,RCK-000507,IMPORTADO_CERRADO,,
518,legacy-csv-584,3614242,CERRADO,HABILITADAS,RCK-000508,IMPORTADO_CERRADO,,
519,legacy-csv-585,3614244,CERRADO,HABILITADAS,RCK-000509,IMPORTADO_CERRADO,,
520,legacy-csv-586,3514251,CERRADO,HABILITADAS,RCK-000510,IMPORTADO_CERRADO,,
521,legacy-csv-587,3614544,CERRADO,HABILITADAS,RCK-000511,IMPORTADO_CERRADO,,
522,legacy-csv-588,3614542,CERRADO,HABILITADAS,RCK-000512,IMPORTADO_CERRADO,,Huecos no numericos ignorados: 78.
523,legacy-csv-589,3614803,CERRADO,HABILITADAS,RCK-000513,IMPORTADO_CERRADO,,
524,legacy-csv-590,3615137,CERRADO,HABILITADAS,RCK-000514,IMPORTADO_CERRADO,,
525,legacy-csv-591,3615138,CERRADO,HABILITADAS,RCK-000515,IMPORTADO_CERRADO,,
526,legacy-csv-592,3615139,CERRADO,HABILITADAS,RCK-000516,IMPORTADO_CERRADO,,
527,legacy-csv-596,3615144,CERRADO,HABILITADAS,RCK-000517,IMPORTADO_CERRADO,,
528,legacy-csv-597,3615145,CERRADO,HABILITADAS,RCK-000518,IMPORTADO_CERRADO,,
529,legacy-csv-598,3615146,CERRADO,HABILITADAS,RCK-000519,IMPORTADO_CERRADO,,
530,legacy-csv-599,3615195,CERRADO,HABILITADAS,RCK-000520,IMPORTADO_CERRADO,,
531,legacy-csv-600,3615328,CERRADO,HABILITADAS,RCK-000521,IMPORTADO_CERRADO,,
532,legacy-csv-601,3615526,CERRADO,HABILITADAS,RCK-000522,IMPORTADO_CERRADO,,
533,legacy-csv-602,3615528,CERRADO,HABILITADAS,RCK-000523,IMPORTADO_CERRADO,,
534,legacy-csv-603,3615448,CERRADO,HABILITADAS,RCK-000524,IMPORTADO_CERRADO,,
535,legacy-csv-604,3615472,CERRADO,HABILITADAS,RCK-000525,IMPORTADO_CERRADO,,
536,legacy-csv-605,3615872,CERRADO,HABILITADAS,RCK-000526,IMPORTADO_CERRADO,,
537,legacy-csv-606,3615873,CERRADO,HABILITADAS,RCK-000527,IMPORTADO_CERRADO,,
538,legacy-csv-607,3615874,CERRADO,HABILITADAS,RCK-000528,IMPORTADO_CERRADO,,
539,legacy-csv-608,3616036,CERRADO,HABILITADAS,RCK-000529,IMPORTADO_CERRADO,,
540,legacy-csv-609,3616039,CERRADO,HABILITADAS,RCK-000530,IMPORTADO_CERRADO,,
541,legacy-csv-610,3616165,CERRADO,HABILITADAS,RCK-000531,IMPORTADO_CERRADO,,
542,legacy-csv-611,3616174,CERRADO,HABILITADAS,RCK-000532,IMPORTADO_CERRADO,,
543,legacy-csv-612,3616175,CERRADO,HABILITADAS,RCK-000533,IMPORTADO_CERRADO,,
544,legacy-csv-613,3616176,CERRADO,HABILITADAS,RCK-000534,IMPORTADO_CERRADO,,
545,legacy-csv-614,3616215,CERRADO,HABILITADAS,RCK-000535,IMPORTADO_CERRADO,,
546,legacy-csv-615,3616216,CERRADO,HABILITADAS,RCK-000536,IMPORTADO_CERRADO,,
547,legacy-csv-616,3616217,CERRADO,HABILITADAS,RCK-000537,IMPORTADO_CERRADO,,
548,legacy-csv-617,3616218,CERRADO,HABILITADAS,RCK-000538,IMPORTADO_CERRADO,,
549,legacy-csv-618,3616219,CERRADO,HABILITADAS,RCK-000539,IMPORTADO_CERRADO,,
550,legacy-csv-619,3616220,CERRADO,HABILITADAS,RCK-000540,IMPORTADO_CERRADO,,
551,legacy-csv-620,3616221,CERRADO,HABILITADAS,RCK-000541,IMPORTADO_CERRADO,,
552,legacy-csv-621,3616508,CERRADO,HABILITADAS,RCK-000542,IMPORTADO_CERRADO,,
553,legacy-csv-622,3616509,CERRADO,HABILITADAS,RCK-000543,IMPORTADO_CERRADO,,
554,legacy-csv-623,3616510,CERRADO,HABILITADAS,RCK-000544,IMPORTADO_CERRADO,,
555,legacy-csv-624,3616284,CERRADO,HABILITADAS,RCK-000545,IMPORTADO_CERRADO,,
556,legacy-csv-625,3616511,CERRADO,HABILITADAS,RCK-000546,IMPORTADO_CERRADO,,
557,legacy-csv-626,3616513,CERRADO,HABILITADAS,RCK-000547,IMPORTADO_CERRADO,,
558,legacy-csv-627,3616514,CERRADO,HABILITADAS,RCK-000548,IMPORTADO_CERRADO,,
559,legacy-csv-628,3616515,CERRADO,HABILITADAS,RCK-000549,IMPORTADO_CERRADO,,
560,legacy-csv-629,3616516,CERRADO,HABILITADAS,RCK-000550,IMPORTADO_CERRADO,,
561,legacy-csv-630,3616290,CERRADO,HABILITADAS,RCK-000551,IMPORTADO_CERRADO,,
562,legacy-csv-631,3616339,CERRADO,HABILITADAS,RCK-000552,IMPORTADO_CERRADO,,
563,legacy-csv-632,3616517,CERRADO,HABILITADAS,RCK-000553,IMPORTADO_CERRADO,,
564,legacy-csv-633,3616518,CERRADO,HABILITADAS,RCK-000554,IMPORTADO_CERRADO,,
565,legacy-csv-634,3616896,CERRADO,HABILITADAS,RCK-000555,IMPORTADO_CERRADO,,
566,legacy-csv-635,3619164,CERRADO,HABILITADAS,RCK-000556,IMPORTADO_CERRADO,,
567,legacy-csv-636,3619165,CERRADO,HABILITADAS,RCK-000557,IMPORTADO_CERRADO,,
568,legacy-csv-637,3619166,CERRADO,HABILITADAS,RCK-000558,IMPORTADO_CERRADO,,
569,legacy-csv-638,3619345,CERRADO,HABILITADAS,RCK-000559,IMPORTADO_CERRADO,,
570,legacy-csv-639,3619347,CERRADO,HABILITADAS,RCK-000560,IMPORTADO_CERRADO,,
571,legacy-csv-640,3619349,CERRADO,HABILITADAS,RCK-000561,IMPORTADO_CERRADO,,
572,legacy-csv-641,3619512,CERRADO,HABILITADAS,RCK-000562,IMPORTADO_CERRADO,,
573,legacy-csv-642,3619514,CERRADO,HABILITADAS,RCK-000563,IMPORTADO_CERRADO,,
574,legacy-csv-643,3620021,CERRADO,HABILITADAS,RCK-000564,IMPORTADO_CERRADO,,
575,legacy-csv-644,3620022,CERRADO,HABILITADAS,RCK-000565,IMPORTADO_CERRADO,,
576,legacy-csv-645,3620023,CERRADO,HABILITADAS,RCK-000566,IMPORTADO_CERRADO,,
577,legacy-csv-646,3620024,CERRADO,HABILITADAS,RCK-000567,IMPORTADO_CERRADO,,
578,legacy-csv-647,3620025,CERRADO,HABILITADAS,RCK-000568,IMPORTADO_CERRADO,,
579,legacy-csv-648,3620026,CERRADO,HABILITADAS,RCK-000569,IMPORTADO_CERRADO,,
580,legacy-csv-649,3620027,CERRADO,HABILITADAS,RCK-000570,IMPORTADO_CERRADO,,
581,legacy-csv-650,3620028,CERRADO,HABILITADAS,RCK-000571,IMPORTADO_CERRADO,,
582,legacy-csv-651,3620029,CERRADO,HABILITADAS,RCK-000572,IMPORTADO_CERRADO,,
583,legacy-csv-652,3620368,CERRADO,HABILITADAS,RCK-000573,IMPORTADO_CERRADO,,
584,legacy-csv-653,3620369,CERRADO,HABILITADAS,RCK-000574,IMPORTADO_CERRADO,,
585,legacy-csv-654,3620370,CERRADO,HABILITADAS,RCK-000575,IMPORTADO_CERRADO,,
586,legacy-csv-655,3620371,CERRADO,HABILITADAS,RCK-000576,IMPORTADO_CERRADO,,
587,legacy-csv-656,3620372,CERRADO,HABILITADAS,RCK-000577,IMPORTADO_CERRADO,,
588,legacy-csv-657,3620373,CERRADO,HABILITADAS,RCK-000578,IMPORTADO_CERRADO,,
589,legacy-csv-659,3620375,CERRADO,HABILITADAS,RCK-000579,IMPORTADO_CERRADO,,
590,legacy-csv-660,3620376,CERRADO,HABILITADAS,RCK-000580,IMPORTADO_CERRADO,,
591,legacy-csv-661,3620672,CERRADO,HABILITADAS,RCK-000581,IMPORTADO_CERRADO,,
592,legacy-csv-663,3621020,CERRADO,HABILITADAS,RCK-000582,IMPORTADO_CERRADO,,
593,legacy-csv-664,3621021,CERRADO,HABILITADAS,RCK-000583,IMPORTADO_CERRADO,,
594,legacy-csv-665,3621022,CERRADO,HABILITADAS,RCK-000584,IMPORTADO_CERRADO,,
595,legacy-csv-666,3621350,CERRADO,HABILITADAS,RCK-000585,IMPORTADO_CERRADO,,
596,legacy-csv-667,3621351,CERRADO,HABILITADAS,RCK-000586,IMPORTADO_CERRADO,,
597,legacy-csv-668,3621352,CERRADO,HABILITADAS,RCK-000587,IMPORTADO_CERRADO,,
598,legacy-csv-669,3621353,CERRADO,HABILITADAS,RCK-000588,IMPORTADO_CERRADO,,
599,legacy-csv-670,3621620,CERRADO,HABILITADAS,RCK-000589,IMPORTADO_CERRADO,,
600,legacy-csv-671,3621621,CERRADO,HABILITADAS,RCK-000590,IMPORTADO_CERRADO,,
601,legacy-csv-672,3621623,CERRADO,HABILITADAS,RCK-000591,IMPORTADO_CERRADO,,
602,legacy-csv-673,3621624,CERRADO,HABILITADAS,RCK-000592,IMPORTADO_CERRADO,,
603,legacy-csv-674,3621625,CERRADO,HABILITADAS,RCK-000593,IMPORTADO_CERRADO,,
604,legacy-csv-675,3621626,CERRADO,HABILITADAS,RCK-000594,IMPORTADO_CERRADO,,
605,legacy-csv-676,3621627,CERRADO,HABILITADAS,RCK-000595,IMPORTADO_CERRADO,,
606,legacy-csv-677,3621628,CERRADO,HABILITADAS,RCK-000596,IMPORTADO_CERRADO,,
607,legacy-csv-678,3621715,CERRADO,HABILITADAS,RCK-000597,IMPORTADO_CERRADO,,
608,legacy-csv-679,3621714,CERRADO,HABILITADAS,RCK-000598,IMPORTADO_CERRADO,,
609,legacy-csv-680,3621941,CERRADO,HABILITADAS,RCK-000599,IMPORTADO_CERRADO,,
610,legacy-csv-681,3621942,CERRADO,HABILITADAS,RCK-000600,IMPORTADO_CERRADO,,
611,legacy-csv-682,3622325,CERRADO,HABILITADAS,RCK-000601,IMPORTADO_CERRADO,,
612,legacy-csv-683,3622327,CERRADO,HABILITADAS,RCK-000602,IMPORTADO_CERRADO,,
613,legacy-csv-684,3622328,CERRADO,HABILITADAS,RCK-000603,IMPORTADO_CERRADO,,
614,legacy-csv-685,3622504,CERRADO,HABILITADAS,RCK-000604,IMPORTADO_CERRADO,,
615,legacy-csv-686,3622509,CERRADO,HABILITADAS,RCK-000605,IMPORTADO_CERRADO,,
616,legacy-csv-687,3622703,CERRADO,HABILITADAS,RCK-000606,IMPORTADO_CERRADO,,
617,legacy-csv-688,3622704,CERRADO,HABILITADAS,RCK-000607,IMPORTADO_CERRADO,,
618,legacy-csv-689,3622705,CERRADO,HABILITADAS,RCK-000608,IMPORTADO_CERRADO,,
619,legacy-csv-690,3622706,CERRADO,HABILITADAS,RCK-000609,IMPORTADO_CERRADO,,
620,legacy-csv-691,3622709,CERRADO,HABILITADAS,RCK-000610,IMPORTADO_CERRADO,,
621,legacy-csv-692,3622707,CERRADO,HABILITADAS,RCK-000611,IMPORTADO_CERRADO,,
622,legacy-csv-693,3623023,CERRADO,HABILITADAS,RCK-000612,IMPORTADO_CERRADO,,
623,legacy-csv-694,3623024,CERRADO,HABILITADAS,RCK-000613,IMPORTADO_CERRADO,,
624,legacy-csv-695,3623443,CERRADO,HABILITADAS,RCK-000614,IMPORTADO_CERRADO,,
625,legacy-csv-696,3623444,CERRADO,HABILITADAS,RCK-000615,IMPORTADO_CERRADO,,
626,legacy-csv-697,3623445,CERRADO,HABILITADAS,RCK-000616,IMPORTADO_CERRADO,,
627,legacy-csv-698,3623446,CERRADO,HABILITADAS,RCK-000617,IMPORTADO_CERRADO,,
628,legacy-csv-699,3623447,CERRADO,HABILITADAS,RCK-000618,IMPORTADO_CERRADO,,
629,legacy-csv-700,3623448,CERRADO,HABILITADAS,RCK-000619,IMPORTADO_CERRADO,,
630,legacy-csv-701,3623800,CERRADO,HABILITADAS,RCK-000620,IMPORTADO_CERRADO,,
631,legacy-csv-702,3623801,CERRADO,HABILITADAS,RCK-000621,IMPORTADO_CERRADO,,
632,legacy-csv-703,3624154,CERRADO,HABILITADAS,RCK-000622,IMPORTADO_CERRADO,,
633,legacy-csv-704,3624155,CERRADO,HABILITADAS,RCK-000623,IMPORTADO_CERRADO,,
634,legacy-csv-705,3624362,CERRADO,HABILITADAS,RCK-000624,IMPORTADO_CERRADO,,
635,legacy-csv-706,3624055,CERRADO,HABILITADAS,RCK-000625,IMPORTADO_CERRADO,,
636,legacy-csv-707,3624095,CERRADO,HABILITADAS,RCK-000626,IMPORTADO_CERRADO,,
637,legacy-csv-708,3624364,CERRADO,HABILITADAS,RCK-000627,IMPORTADO_CERRADO,,
638,legacy-csv-709,3624146,CERRADO,HABILITADAS,RCK-000628,IMPORTADO_CERRADO,,
639,legacy-csv-710,3624148,CERRADO,HABILITADAS,RCK-000629,IMPORTADO_CERRADO,,
640,legacy-csv-711,3624149,CERRADO,HABILITADAS,RCK-000630,IMPORTADO_CERRADO,,
641,legacy-csv-712,3624151,CERRADO,HABILITADAS,RCK-000631,IMPORTADO_CERRADO,,
642,legacy-csv-713,3624564,CERRADO,HABILITADAS,RCK-000632,IMPORTADO_CERRADO,,
643,legacy-csv-714,3624565,CERRADO,HABILITADAS,RCK-000633,IMPORTADO_CERRADO,,
644,legacy-csv-715,3624566,CERRADO,HABILITADAS,RCK-000634,IMPORTADO_CERRADO,,
645,legacy-csv-716,3624567,CERRADO,HABILITADAS,RCK-000635,IMPORTADO_CERRADO,,
646,legacy-csv-717,3624568,CERRADO,HABILITADAS,RCK-000636,IMPORTADO_CERRADO,,
647,legacy-csv-718,3624569,CERRADO,HABILITADAS,RCK-000637,IMPORTADO_CERRADO,,
648,legacy-csv-719,3624570,CERRADO,HABILITADAS,RCK-000638,IMPORTADO_CERRADO,,
649,legacy-csv-720,3624571,CERRADO,HABILITADAS,RCK-000639,IMPORTADO_CERRADO,,
650,legacy-csv-721,3624599,CERRADO,HABILITADAS,RCK-000640,IMPORTADO_CERRADO,,
651,legacy-csv-722,3624900,CERRADO,HABILITADAS,RCK-000641,IMPORTADO_CERRADO,,
652,legacy-csv-723,3624901,CERRADO,HABILITADAS,RCK-000642,IMPORTADO_CERRADO,,
653,legacy-csv-724,3625295,CERRADO,HABILITADAS,RCK-000643,IMPORTADO_CERRADO,,
654,legacy-csv-725,3625297,CERRADO,HABILITADAS,RCK-000644,IMPORTADO_CERRADO,,
655,legacy-csv-726,3625299,CERRADO,HABILITADAS,RCK-000645,IMPORTADO_CERRADO,,
656,legacy-csv-727,3625300,CERRADO,HABILITADAS,RCK-000646,IMPORTADO_CERRADO,,
657,legacy-csv-728,3625301,CERRADO,HABILITADAS,,ERROR_VALIDACION,Ubicacion obligatoria.,Huecos no numericos ignorados: 161_5
658,legacy-csv-729,3625302,CERRADO,HABILITADAS,RCK-000647,IMPORTADO_CERRADO,,
659,legacy-csv-730,3625303,CERRADO,HABILITADAS,RCK-000648,IMPORTADO_CERRADO,,
660,legacy-csv-731,3625306,CERRADO,HABILITADAS,RCK-000649,IMPORTADO_CERRADO,,
661,legacy-csv-732,3625530,CERRADO,HABILITADAS,RCK-000650,IMPORTADO_CERRADO,,
662,legacy-csv-733,3626085,CERRADO,HABILITADAS,RCK-000651,IMPORTADO_CERRADO,,
663,legacy-csv-734,3626086,CERRADO,HABILITADAS,RCK-000652,IMPORTADO_CERRADO,,
664,legacy-csv-735,3626087,CERRADO,HABILITADAS,RCK-000653,IMPORTADO_CERRADO,,
665,legacy-csv-736,3626088,CERRADO,HABILITADAS,RCK-000654,IMPORTADO_CERRADO,,
666,legacy-csv-737,3626089,CERRADO,HABILITADAS,RCK-000655,IMPORTADO_CERRADO,,
667,legacy-csv-738,3626794,CERRADO,HABILITADAS,RCK-000656,IMPORTADO_CERRADO,,
668,legacy-csv-739,3626795,CERRADO,HABILITADAS,RCK-000657,IMPORTADO_CERRADO,,
669,legacy-csv-740,3627170,CERRADO,HABILITADAS,RCK-000658,IMPORTADO_CERRADO,,
670,legacy-csv-741,3627171,CERRADO,HABILITADAS,RCK-000659,IMPORTADO_CERRADO,,
671,legacy-csv-742,3627172,CERRADO,HABILITADAS,RCK-000660,IMPORTADO_CERRADO,,
672,legacy-csv-743,3627173,CERRADO,HABILITADAS,RCK-000661,IMPORTADO_CERRADO,,
673,legacy-csv-744,3627174,CERRADO,HABILITADAS,RCK-000662,IMPORTADO_CERRADO,,
674,legacy-csv-745,3627560,CERRADO,HABILITADAS,RCK-000663,IMPORTADO_CERRADO,,
675,legacy-csv-746,3627888,CERRADO,HABILITADAS,RCK-000664,IMPORTADO_CERRADO,,
676,legacy-csv-747,3627889,CERRADO,HABILITADAS,RCK-000665,IMPORTADO_CERRADO,,
677,legacy-csv-748,3627890,CERRADO,HABILITADAS,RCK-000666,IMPORTADO_CERRADO,,
678,legacy-csv-749,3627891,CERRADO,HABILITADAS,RCK-000667,IMPORTADO_CERRADO,,
679,legacy-csv-750,3627892,CERRADO,HABILITADAS,RCK-000668,IMPORTADO_CERRADO,,
680,legacy-csv-751,3627922,CERRADO,HABILITADAS,RCK-000669,IMPORTADO_CERRADO,,
681,legacy-csv-752,3628309,CERRADO,HABILITADAS,RCK-000670,IMPORTADO_CERRADO,,
682,legacy-csv-239,3587523,CERRADO,HABILITADAS,RCK-000671,IMPORTADO_CERRADO,,
683,legacy-csv-754,3628311,CERRADO,HABILITADAS,RCK-000672,IMPORTADO_CERRADO,,
684,legacy-csv-755,3628312,CERRADO,HABILITADAS,RCK-000673,IMPORTADO_CERRADO,,
685,legacy-csv-756,3628635,CERRADO,HABILITADAS,RCK-000674,IMPORTADO_CERRADO,,
686,legacy-csv-757,3628636,CERRADO,HABILITADAS,RCK-000675,IMPORTADO_CERRADO,,
687,legacy-csv-758,3628637,CERRADO,HABILITADAS,RCK-000676,IMPORTADO_CERRADO,,
688,legacy-csv-759,3628638,CERRADO,HABILITADAS,RCK-000677,IMPORTADO_CERRADO,,
689,legacy-csv-760,3628639,CERRADO,HABILITADAS,RCK-000678,IMPORTADO_CERRADO,,
690,legacy-csv-761,3628640,CERRADO,HABILITADAS,RCK-000679,IMPORTADO_CERRADO,,
691,legacy-csv-762,3628641,CERRADO,HABILITADAS,RCK-000680,IMPORTADO_CERRADO,,
692,legacy-csv-763,3628642,CERRADO,HABILITADAS,RCK-000681,IMPORTADO_CERRADO,,
693,legacy-csv-764,3628642,CERRADO,HABILITADAS,RCK-000682,IMPORTADO_CERRADO,,
694,legacy-csv-765,3628643,CERRADO,HABILITADAS,RCK-000683,IMPORTADO_CERRADO,,
695,legacy-csv-766,3628644,CERRADO,HABILITADAS,RCK-000684,IMPORTADO_CERRADO,,
696,legacy-csv-767,3628645,CERRADO,HABILITADAS,RCK-000685,IMPORTADO_CERRADO,,
697,legacy-csv-768,3628646,CERRADO,HABILITADAS,RCK-000686,IMPORTADO_CERRADO,,
698,legacy-csv-769,3632056,CERRADO,HABILITADAS,RCK-000687,IMPORTADO_CERRADO,,
699,legacy-csv-770,3632057,CERRADO,HABILITADAS,RCK-000688,IMPORTADO_CERRADO,,
700,legacy-csv-771,3632823,CERRADO,HABILITADAS,RCK-000689,IMPORTADO_CERRADO,,
701,legacy-csv-772,3632824,CERRADO,HABILITADAS,RCK-000690,IMPORTADO_CERRADO,,
702,legacy-csv-773,3632825,CERRADO,HABILITADAS,RCK-000691,IMPORTADO_CERRADO,,
703,legacy-csv-774,3632826,CERRADO,HABILITADAS,RCK-000692,IMPORTADO_CERRADO,,
704,legacy-csv-775,3633389,CERRADO,HABILITADAS,RCK-000693,IMPORTADO_CERRADO,,
705,legacy-csv-776,3633391,CERRADO,HABILITADAS,RCK-000694,IMPORTADO_CERRADO,,
706,legacy-csv-777,3633392,CERRADO,HABILITADAS,RCK-000695,IMPORTADO_CERRADO,,
707,legacy-csv-778,3633393,CERRADO,HABILITADAS,RCK-000696,IMPORTADO_CERRADO,,
708,legacy-csv-779,3633932,CERRADO,HABILITADAS,RCK-000697,IMPORTADO_CERRADO,,
709,legacy-csv-780,3633933,CERRADO,HABILITADAS,RCK-000698,IMPORTADO_CERRADO,,
710,legacy-csv-781,3633934,CERRADO,HABILITADAS,RCK-000699,IMPORTADO_CERRADO,,
711,legacy-csv-782,3633935,CERRADO,HABILITADAS,RCK-000700,IMPORTADO_CERRADO,,
712,legacy-csv-783,3633936,CERRADO,HABILITADAS,RCK-000701,IMPORTADO_CERRADO,,
713,legacy-csv-784,3634348,CERRADO,HABILITADAS,RCK-000702,IMPORTADO_CERRADO,,
714,legacy-csv-785,3634349,CERRADO,HABILITADAS,RCK-000703,IMPORTADO_CERRADO,,
715,legacy-csv-786,3634350,CERRADO,HABILITADAS,RCK-000704,IMPORTADO_CERRADO,,
716,legacy-csv-787,3634351,CERRADO,HABILITADAS,RCK-000705,IMPORTADO_CERRADO,,
717,legacy-csv-788,3634352,CERRADO,HABILITADAS,RCK-000706,IMPORTADO_CERRADO,,
718,legacy-csv-789,3634353,CERRADO,HABILITADAS,RCK-000707,IMPORTADO_CERRADO,,
719,legacy-csv-790,3634354,CERRADO,HABILITADAS,RCK-000708,IMPORTADO_CERRADO,,
720,legacy-csv-791,3634355,CERRADO,HABILITADAS,RCK-000709,IMPORTADO_CERRADO,,
721,legacy-csv-792,3634356,CERRADO,HABILITADAS,RCK-000710,IMPORTADO_CERRADO,,
722,legacy-csv-794,3634741,CERRADO,HABILITADAS,RCK-000711,IMPORTADO_CERRADO,,
723,legacy-csv-795,3634738,CERRADO,HABILITADAS,RCK-000712,IMPORTADO_CERRADO,,
724,legacy-csv-796,3634741,CERRADO,HABILITADAS,RCK-000713,IMPORTADO_CERRADO,,
725,legacy-csv-797,3635508,CERRADO,HABILITADAS,RCK-000714,IMPORTADO_CERRADO,,
726,legacy-csv-798,3635510,CERRADO,HABILITADAS,RCK-000715,IMPORTADO_CERRADO,,
727,legacy-csv-799,3635511,CERRADO,HABILITADAS,RCK-000716,IMPORTADO_CERRADO,,
728,legacy-csv-800,3635513,CERRADO,HABILITADAS,RCK-000717,IMPORTADO_CERRADO,,
729,legacy-csv-801,3635514,CERRADO,HABILITADAS,RCK-000718,IMPORTADO_CERRADO,,
730,legacy-csv-803,3635516,CERRADO,HABILITADAS,RCK-000719,IMPORTADO_CERRADO,,
731,legacy-csv-804,3636330,CERRADO,HABILITADAS,RCK-000720,IMPORTADO_CERRADO,,
732,legacy-csv-802,3635515,CERRADO,HABILITADAS,RCK-000721,IMPORTADO_CERRADO,,
733,legacy-csv-805,3636332,CERRADO,HABILITADAS,RCK-000722,IMPORTADO_CERRADO,,
734,legacy-csv-806,3636333,CERRADO,HABILITADAS,RCK-000723,IMPORTADO_CERRADO,,
735,legacy-csv-807,3636334,CERRADO,HABILITADAS,RCK-000724,IMPORTADO_CERRADO,,
736,legacy-csv-808,3636335,CERRADO,HABILITADAS,RCK-000725,IMPORTADO_CERRADO,,
737,legacy-csv-809,3636336,CERRADO,HABILITADAS,RCK-000726,IMPORTADO_CERRADO,,
738,legacy-csv-810,3636337,CERRADO,HABILITADAS,RCK-000727,IMPORTADO_CERRADO,,
739,legacy-csv-811,3636338,CERRADO,HABILITADAS,RCK-000728,IMPORTADO_CERRADO,,
740,legacy-csv-812,3636339,CERRADO,HABILITADAS,RCK-000729,IMPORTADO_CERRADO,,
741,legacy-csv-813,3636754,CERRADO,HABILITADAS,RCK-000730,IMPORTADO_CERRADO,,
742,legacy-csv-814,3637246,CERRADO,HABILITADAS,RCK-000731,IMPORTADO_CERRADO,,
743,legacy-csv-816,3637369,CERRADO,HABILITADAS,RCK-000732,IMPORTADO_CERRADO,,
744,legacy-csv-817,3637567,CERRADO,HABILITADAS,RCK-000733,IMPORTADO_CERRADO,,
745,legacy-csv-818,3637568,CERRADO,HABILITADAS,RCK-000734,IMPORTADO_CERRADO,,
746,legacy-csv-819,3637569,CERRADO,HABILITADAS,RCK-000735,IMPORTADO_CERRADO,,
747,legacy-csv-820,3637570,CERRADO,HABILITADAS,RCK-000736,IMPORTADO_CERRADO,,
748,legacy-csv-821,3638623,CERRADO,HABILITADAS,RCK-000737,IMPORTADO_CERRADO,,
749,legacy-csv-822,3638624,CERRADO,HABILITADAS,RCK-000738,IMPORTADO_CERRADO,,
750,legacy-csv-823,3638048,CERRADO,HABILITADAS,RCK-000739,IMPORTADO_CERRADO,,
751,legacy-csv-824,3638625,CERRADO,HABILITADAS,RCK-000740,IMPORTADO_CERRADO,,
752,legacy-csv-825,3638626,CERRADO,HABILITADAS,RCK-000741,IMPORTADO_CERRADO,,
753,legacy-csv-826,3638653,CERRADO,HABILITADAS,,ERROR_VALIDACION,Ubicacion obligatoria.,"Huecos no numericos ignorados: TÚNEL, CENTRAL"
754,legacy-csv-827,3638654,CERRADO,HABILITADAS,RCK-000742,IMPORTADO_CERRADO,,
755,legacy-csv-828,3638627,CERRADO,HABILITADAS,RCK-000743,IMPORTADO_CERRADO,,
756,legacy-csv-829,3638628,CERRADO,HABILITADAS,RCK-000744,IMPORTADO_CERRADO,,
757,legacy-csv-830,3638629,CERRADO,HABILITADAS,RCK-000745,IMPORTADO_CERRADO,,
758,legacy-csv-831,3638657,CERRADO,HABILITADAS,RCK-000746,IMPORTADO_CERRADO,,
759,legacy-csv-832,3638658,CERRADO,HABILITADAS,RCK-000747,IMPORTADO_CERRADO,,
760,legacy-csv-833,3638659,CERRADO,HABILITADAS,RCK-000748,IMPORTADO_CERRADO,,
761,legacy-csv-834,3638660,CERRADO,HABILITADAS,RCK-000749,IMPORTADO_CERRADO,,
762,legacy-csv-835,3638662,CERRADO,HABILITADAS,RCK-000750,IMPORTADO_CERRADO,,
763,legacy-csv-836,3638663,CERRADO,HABILITADAS,RCK-000751,IMPORTADO_CERRADO,,
764,legacy-csv-837,3638664,CERRADO,HABILITADAS,RCK-000752,IMPORTADO_CERRADO,,
765,legacy-csv-838,3638665,CERRADO,HABILITADAS,RCK-000753,IMPORTADO_CERRADO,,
766,legacy-csv-839,3638666,CERRADO,HABILITADAS,RCK-000754,IMPORTADO_CERRADO,,
767,legacy-csv-840,3638667,CERRADO,HABILITADAS,RCK-000755,IMPORTADO_CERRADO,,
768,legacy-csv-841,3638669,CERRADO,HABILITADAS,RCK-000756,IMPORTADO_CERRADO,,
769,legacy-csv-842,3638670,CERRADO,HABILITADAS,RCK-000757,IMPORTADO_CERRADO,,
770,legacy-csv-843,3638671,CERRADO,HABILITADAS,RCK-000758,IMPORTADO_CERRADO,,
771,legacy-csv-844,3638672,CERRADO,HABILITADAS,RCK-000759,IMPORTADO_CERRADO,,
772,legacy-csv-845,3638673,CERRADO,HABILITADAS,RCK-000760,IMPORTADO_CERRADO,,
773,legacy-csv-846,3638674,CERRADO,HABILITADAS,RCK-000761,IMPORTADO_CERRADO,,
774,legacy-csv-847,3638675,CERRADO,HABILITADAS,RCK-000762,IMPORTADO_CERRADO,,
775,legacy-csv-848,3638676,CERRADO,HABILITADAS,RCK-000763,IMPORTADO_CERRADO,,"Niveles invalidos ignorados: 2, 3"
776,legacy-csv-849,3638677,CERRADO,HABILITADAS,RCK-000764,IMPORTADO_CERRADO,,
777,legacy-csv-850,3638678,CERRADO,HABILITADAS,RCK-000765,IMPORTADO_CERRADO,,
778,legacy-csv-851,3638679,CERRADO,HABILITADAS,RCK-000766,IMPORTADO_CERRADO,,
779,legacy-csv-852,3638680,CERRADO,HABILITADAS,RCK-000767,IMPORTADO_CERRADO,,
780,legacy-csv-853,3638681,CERRADO,HABILITADAS,RCK-000768,IMPORTADO_CERRADO,,
781,legacy-csv-854,3638682,CERRADO,HABILITADAS,RCK-000769,IMPORTADO_CERRADO,,
782,legacy-csv-855,3638683,CERRADO,HABILITADAS,RCK-000770,IMPORTADO_CERRADO,,
783,legacy-csv-856,3638684,CERRADO,HABILITADAS,RCK-000771,IMPORTADO_CERRADO,,
784,legacy-csv-857,3638685,CERRADO,HABILITADAS,RCK-000772,IMPORTADO_CERRADO,,
785,legacy-csv-858,3638686,CERRADO,HABILITADAS,RCK-000773,IMPORTADO_CERRADO,,
786,legacy-csv-859,3638687,CERRADO,HABILITADAS,RCK-000774,IMPORTADO_CERRADO,,
787,legacy-csv-860,3638688,CERRADO,HABILITADAS,RCK-000775,IMPORTADO_CERRADO,,
788,legacy-csv-861,3638689,CERRADO,HABILITADAS,RCK-000776,IMPORTADO_CERRADO,,
789,legacy-csv-862,3638690,CERRADO,HABILITADAS,RCK-000777,IMPORTADO_CERRADO,,
790,legacy-csv-863,3638691,CERRADO,HABILITADAS,RCK-000778,IMPORTADO_CERRADO,,
791,legacy-csv-864,3638692,CERRADO,HABILITADAS,RCK-000779,IMPORTADO_CERRADO,,
792,legacy-csv-865,3638693,CERRADO,HABILITADAS,RCK-000780,IMPORTADO_CERRADO,,
793,legacy-csv-866,3638694,CERRADO,HABILITADAS,RCK-000781,IMPORTADO_CERRADO,,
794,legacy-csv-867,3638695,CERRADO,HABILITADAS,RCK-000782,IMPORTADO_CERRADO,,
795,legacy-csv-868,3639138,CERRADO,HABILITADAS,RCK-000783,IMPORTADO_CERRADO,,
796,legacy-csv-869,3639139,CERRADO,HABILITADAS,RCK-000784,IMPORTADO_CERRADO,,
797,legacy-csv-870,3639140,CERRADO,HABILITADAS,RCK-000785,IMPORTADO_CERRADO,,
798,legacy-csv-871,3639141,CERRADO,HABILITADAS,RCK-000786,IMPORTADO_CERRADO,,
799,legacy-csv-872,3641065,CERRADO,HABILITADAS,RCK-000787,IMPORTADO_CERRADO,,
800,legacy-csv-873,3641066,CERRADO,HABILITADAS,RCK-000788,IMPORTADO_CERRADO,,
801,legacy-csv-874,3641067,CERRADO,HABILITADAS,RCK-000789,IMPORTADO_CERRADO,,
802,legacy-csv-875,3641068,CERRADO,HABILITADAS,RCK-000790,IMPORTADO_CERRADO,,
803,legacy-csv-876,3641069,CERRADO,HABILITADAS,RCK-000791,IMPORTADO_CERRADO,,
804,legacy-csv-877,3641070,CERRADO,HABILITADAS,RCK-000792,IMPORTADO_CERRADO,,
805,legacy-csv-878,3641071,CERRADO,HABILITADAS,RCK-000793,IMPORTADO_CERRADO,,
806,legacy-csv-879,3641072,CERRADO,HABILITADAS,RCK-000794,IMPORTADO_CERRADO,,
807,legacy-csv-880,3641073,CERRADO,HABILITADAS,RCK-000795,IMPORTADO_CERRADO,,
808,legacy-csv-881,3641074,CERRADO,HABILITADAS,RCK-000796,IMPORTADO_CERRADO,,
809,legacy-csv-882,3641075,CERRADO,HABILITADAS,RCK-000797,IMPORTADO_CERRADO,,
810,legacy-csv-883,3641076,CERRADO,HABILITADAS,RCK-000798,IMPORTADO_CERRADO,,
811,legacy-csv-884,3641077,CERRADO,HABILITADAS,RCK-000799,IMPORTADO_CERRADO,,
812,legacy-csv-885,3641078,CERRADO,HABILITADAS,RCK-000800,IMPORTADO_CERRADO,,
813,legacy-csv-886,3641079,CERRADO,HABILITADAS,RCK-000801,IMPORTADO_CERRADO,,
814,legacy-csv-888,3641081,CERRADO,HABILITADAS,RCK-000802,IMPORTADO_CERRADO,,
815,legacy-csv-889,3641082,CERRADO,HABILITADAS,RCK-000803,IMPORTADO_CERRADO,,
816,legacy-csv-890,3641083,CERRADO,HABILITADAS,RCK-000804,IMPORTADO_CERRADO,,
817,legacy-csv-891,3641084,CERRADO,HABILITADAS,RCK-000805,IMPORTADO_CERRADO,,
818,legacy-csv-892,3641085,CERRADO,HABILITADAS,RCK-000806,IMPORTADO_CERRADO,,
819,legacy-csv-893,3641086,CERRADO,HABILITADAS,RCK-000807,IMPORTADO_CERRADO,,
820,legacy-csv-894,3641087,CERRADO,HABILITADAS,RCK-000808,IMPORTADO_CERRADO,,
821,legacy-csv-895,3641088,CERRADO,HABILITADAS,RCK-000809,IMPORTADO_CERRADO,,
822,legacy-csv-/,3641090,CERRADO,HABILITADAS,RCK-000810,IMPORTADO_CERRADO,,
823,legacy-csv-898,3641091,CERRADO,HABILITADAS,RCK-000811,IMPORTADO_CERRADO,,
824,legacy-csv-899,3641092,CERRADO,HABILITADAS,RCK-000812,IMPORTADO_CERRADO,,
825,legacy-csv-900,3641093,CERRADO,HABILITADAS,RCK-000813,IMPORTADO_CERRADO,,
826,legacy-csv-901,3641094,CERRADO,HABILITADAS,RCK-000814,IMPORTADO_CERRADO,,
827,legacy-csv-902,3641095,CERRADO,HABILITADAS,RCK-000815,IMPORTADO_CERRADO,,
828,legacy-csv-903,3641096,CERRADO,HABILITADAS,RCK-000816,IMPORTADO_CERRADO,,
829,legacy-csv-904,3641097,CERRADO,HABILITADAS,RCK-000817,IMPORTADO_CERRADO,,
830,legacy-csv-906,3641099,CERRADO,HABILITADAS,RCK-000818,IMPORTADO_CERRADO,,
831,legacy-csv-907,3641100,CERRADO,HABILITADAS,RCK-000819,IMPORTADO_CERRADO,,
832,legacy-csv-908,3641712,CERRADO,HABILITADAS,RCK-000820,IMPORTADO_CERRADO,,
833,legacy-csv-909,3642387,CERRADO,HABILITADAS,RCK-000821,IMPORTADO_CERRADO,,
834,legacy-csv-910,3642726,CERRADO,HABILITADAS,RCK-000822,IMPORTADO_CERRADO,,
835,legacy-csv-911,3642727,CERRADO,HABILITADAS,RCK-000823,IMPORTADO_CERRADO,,
836,legacy-csv-912,3642729,CERRADO,HABILITADAS,RCK-000824,IMPORTADO_CERRADO,,
837,legacy-csv-913,3642730,CERRADO,HABILITADAS,RCK-000825,IMPORTADO_CERRADO,,
838,legacy-csv-914,3642731,CERRADO,HABILITADAS,,ERROR_VALIDACION,Falta nivel.,Niveles invalidos ignorados: 4
839,legacy-csv-917,3642197,CERRADO,HABILITADAS,RCK-000826,IMPORTADO_CERRADO,,
840,legacy-csv-918,3642198,CERRADO,HABILITADAS,RCK-000827,IMPORTADO_CERRADO,,
841,legacy-csv-919,3642199,CERRADO,HABILITADAS,RCK-000828,IMPORTADO_CERRADO,,
842,legacy-csv-920,3642733,CERRADO,HABILITADAS,RCK-000829,IMPORTADO_CERRADO,,
843,legacy-csv-922,3642736,CERRADO,HABILITADAS,RCK-000830,IMPORTADO_CERRADO,,
844,legacy-csv-923,3642737,CERRADO,HABILITADAS,RCK-000831,IMPORTADO_CERRADO,,
845,legacy-csv-924,3642738,CERRADO,HABILITADAS,RCK-000832,IMPORTADO_CERRADO,,
846,legacy-csv-925,3672739,CERRADO,HABILITADAS,RCK-000833,IMPORTADO_CERRADO,,
847,legacy-csv-927,3647805,CERRADO,HABILITADAS,RCK-000834,IMPORTADO_CERRADO,,
848,legacy-csv-928,3647806,CERRADO,HABILITADAS,RCK-000835,IMPORTADO_CERRADO,,
849,legacy-csv-929,3647813,CERRADO,HABILITADAS,RCK-000836,IMPORTADO_CERRADO,,
850,legacy-csv-930,3647820,CERRADO,HABILITADAS,RCK-000837,IMPORTADO_CERRADO,,
851,legacy-csv-931,3647829,CERRADO,HABILITADAS,RCK-000838,IMPORTADO_CERRADO,,
852,legacy-csv-932,3647832,CERRADO,HABILITADAS,RCK-000839,IMPORTADO_CERRADO,,
853,legacy-csv-933,3647836,CERRADO,HABILITADAS,RCK-000840,IMPORTADO_CERRADO,,
854,legacy-csv-934,3647838,CERRADO,HABILITADAS,RCK-000841,IMPORTADO_CERRADO,,
855,legacy-csv-935,3647840,CERRADO,HABILITADAS,,ERROR_VALIDACION,Ubicacion obligatoria.,Huecos no numericos ignorados: 19G
856,legacy-csv-945,3647841,CERRADO,HABILITADAS,RCK-000842,IMPORTADO_CERRADO,,
857,legacy-csv-947,3647831,CERRADO,HABILITADAS,RCK-000843,IMPORTADO_CERRADO,,
858,legacy-csv-948,3647826,CERRADO,HABILITADAS,RCK-000844,IMPORTADO_CERRADO,,
859,legacy-csv-949,3647814,CERRADO,HABILITADAS,RCK-000845,IMPORTADO_CERRADO,,
860,legacy-csv-950,3648449,CERRADO,HABILITADAS,RCK-000846,IMPORTADO_CERRADO,,
861,legacy-csv-951,3648450,CERRADO,HABILITADAS,RCK-000847,IMPORTADO_CERRADO,,
862,legacy-csv-952,3648451,CERRADO,HABILITADAS,RCK-000848,IMPORTADO_CERRADO,,
863,legacy-csv-953,3648453,CERRADO,HABILITADAS,RCK-000849,IMPORTADO_CERRADO,,
864,legacy-csv-954,3648454,CERRADO,HABILITADAS,RCK-000850,IMPORTADO_CERRADO,,
865,legacy-csv-955,3648952,CERRADO,HABILITADAS,RCK-000851,IMPORTADO_CERRADO,,
866,legacy-csv-956,3648955,CERRADO,HABILITADAS,RCK-000852,IMPORTADO_CERRADO,,
867,legacy-csv-957,3648956,CERRADO,HABILITADAS,RCK-000853,IMPORTADO_CERRADO,,
868,legacy-csv-958,3649707,CERRADO,HABILITADAS,RCK-000854,IMPORTADO_CERRADO,,
869,legacy-csv-959,3649708,CERRADO,HABILITADAS,RCK-000855,IMPORTADO_CERRADO,,
870,legacy-csv-960,3649710,CERRADO,HABILITADAS,RCK-000856,IMPORTADO_CERRADO,,
871,legacy-csv-961,3649712,CERRADO,HABILITADAS,RCK-000857,IMPORTADO_CERRADO,,
872,legacy-csv-962,3649731,CERRADO,HABILITADAS,RCK-000858,IMPORTADO_CERRADO,,
873,legacy-csv-964,3649733,CERRADO,HABILITADAS,RCK-000859,IMPORTADO_CERRADO,,
874,legacy-csv-965,3649734,CERRADO,HABILITADAS,RCK-000860,IMPORTADO_CERRADO,,
875,legacy-csv-966,3649735,CERRADO,HABILITADAS,RCK-000861,IMPORTADO_CERRADO,,
876,legacy-csv-967,3649736,CERRADO,HABILITADAS,RCK-000862,IMPORTADO_CERRADO,,
877,legacy-csv-968,3649737,CERRADO,HABILITADAS,RCK-000863,IMPORTADO_CERRADO,,
878,legacy-csv-969,3649738,CERRADO,HABILITADAS,RCK-000864,IMPORTADO_CERRADO,,
879,legacy-csv-970,3649739,CERRADO,HABILITADAS,RCK-000865,IMPORTADO_CERRADO,,
880,legacy-csv-971,3649740,CERRADO,HABILITADAS,RCK-000866,IMPORTADO_CERRADO,,
881,legacy-csv-972,3649741,CERRADO,HABILITADAS,RCK-000867,IMPORTADO_CERRADO,,
882,legacy-csv-973,3649742,CERRADO,HABILITADAS,RCK-000868,IMPORTADO_CERRADO,,
883,legacy-csv-974,3649743,CERRADO,HABILITADAS,RCK-000869,IMPORTADO_CERRADO,,
884,legacy-csv-975,3649744,CERRADO,HABILITADAS,RCK-000870,IMPORTADO_CERRADO,,
885,legacy-csv-976,3649745,CERRADO,HABILITADAS,RCK-000871,IMPORTADO_CERRADO,,
886,legacy-csv-977,3649746,CERRADO,HABILITADAS,RCK-000872,IMPORTADO_CERRADO,,
887,legacy-csv-978,3649747,CERRADO,HABILITADAS,RCK-000873,IMPORTADO_CERRADO,,
888,legacy-csv-979,3649748,CERRADO,HABILITADAS,RCK-000874,IMPORTADO_CERRADO,,
889,legacy-csv-980,3649749,CERRADO,HABILITADAS,RCK-000875,IMPORTADO_CERRADO,,
890,legacy-csv-981,3649751,CERRADO,HABILITADAS,RCK-000876,IMPORTADO_CERRADO,,
891,legacy-csv-982,3649752,CERRADO,HABILITADAS,RCK-000877,IMPORTADO_CERRADO,,
892,legacy-csv-984,3650348,CERRADO,HABILITADAS,RCK-000878,IMPORTADO_CERRADO,,
893,legacy-csv-985,3650350,CERRADO,HABILITADAS,RCK-000879,IMPORTADO_CERRADO,,
894,legacy-csv-986,3650354,CERRADO,HABILITADAS,RCK-000880,IMPORTADO_CERRADO,,
895,legacy-csv-988,3650352,CERRADO,HABILITADAS,RCK-000881,IMPORTADO_CERRADO,,
896,legacy-csv-989,3650353,CERRADO,HABILITADAS,RCK-000882,IMPORTADO_CERRADO,,
897,legacy-csv-990,3650772,CERRADO,HABILITADAS,RCK-000883,IMPORTADO_CERRADO,,
898,legacy-csv-991,3650774,CERRADO,HABILITADAS,RCK-000884,IMPORTADO_CERRADO,,
899,legacy-csv-992,3650779,CERRADO,HABILITADAS,RCK-000885,IMPORTADO_CERRADO,,
900,legacy-csv-993,3650780,CERRADO,HABILITADAS,RCK-000886,IMPORTADO_CERRADO,,
901,legacy-csv-994,3650781,CERRADO,HABILITADAS,RCK-000887,IMPORTADO_CERRADO,,
902,legacy-csv-996,3650892,CERRADO,HABILITADAS,RCK-000888,IMPORTADO_CERRADO,,
903,legacy-csv-1000,3650894,CERRADO,HABILITADAS,RCK-000889,IMPORTADO_CERRADO,,"Huecos no numericos ignorados: T, 07I"
904,legacy-csv-1001,3650895,CERRADO,HABILITADAS,RCK-000890,IMPORTADO_CERRADO,,
905,legacy-csv-1003,3651302,CERRADO,HABILITADAS,RCK-000891,IMPORTADO_CERRADO,,"Huecos no numericos ignorados: T01, 06D"
906,legacy-csv-1004,3651303,CERRADO,HABILITADAS,RCK-000892,IMPORTADO_CERRADO,,
907,legacy-csv-1005,3651304,CERRADO,HABILITADAS,RCK-000893,IMPORTADO_CERRADO,,
908,legacy-csv-1006,3653865,CERRADO,HABILITADAS,RCK-000894,IMPORTADO_CERRADO,,
909,legacy-csv-1009,3651305,CERRADO,HABILITADAS,RCK-000895,IMPORTADO_CERRADO,,
910,legacy-csv-1010,3651306,CERRADO,HABILITADAS,RCK-000896,IMPORTADO_CERRADO,,
911,legacy-csv-1011,3651712,CERRADO,HABILITADAS,RCK-000897,IMPORTADO_CERRADO,,
912,legacy-csv-1012,3653870,CERRADO,HABILITADAS,RCK-000898,IMPORTADO_CERRADO,,
913,legacy-csv-1013,3651713,CERRADO,HABILITADAS,RCK-000899,IMPORTADO_CERRADO,,
914,legacy-csv-1014,3651714,CERRADO,HABILITADAS,RCK-000900,IMPORTADO_CERRADO,,
915,legacy-csv-1018,3652714,CERRADO,HABILITADAS,RCK-000901,IMPORTADO_CERRADO,,
916,legacy-csv-1019,3652716,CERRADO,HABILITADAS,RCK-000902,IMPORTADO_CERRADO,,
917,legacy-csv-1020,3652717,CERRADO,HABILITADAS,RCK-000903,IMPORTADO_CERRADO,,
918,legacy-csv-1021,3652718,CERRADO,HABILITADAS,RCK-000904,IMPORTADO_CERRADO,,
919,legacy-csv-1022,3652719,CERRADO,HABILITADAS,RCK-000905,IMPORTADO_CERRADO,,
920,legacy-csv-1023,3652720,CERRADO,HABILITADAS,RCK-000906,IMPORTADO_CERRADO,,
921,legacy-csv-1024,3652721,CERRADO,HABILITADAS,RCK-000907,IMPORTADO_CERRADO,,
922,legacy-csv-1025,3652722,CERRADO,HABILITADAS,RCK-000908,IMPORTADO_CERRADO,,
923,legacy-csv-1026,3652724,CERRADO,HABILITADAS,RCK-000909,IMPORTADO_CERRADO,,
924,legacy-csv-1027,3652725,CERRADO,HABILITADAS,RCK-000910,IMPORTADO_CERRADO,,
925,legacy-csv-1028,3652726,CERRADO,HABILITADAS,RCK-000911,IMPORTADO_CERRADO,,
926,legacy-csv-1029,3652727,CERRADO,HABILITADAS,RCK-000912,IMPORTADO_CERRADO,,
927,legacy-csv-1030,3652728,CERRADO,HABILITADAS,RCK-000913,IMPORTADO_CERRADO,,
928,legacy-csv-1031,3652729,CERRADO,HABILITADAS,RCK-000914,IMPORTADO_CERRADO,,
929,legacy-csv-1032,3652730,CERRADO,HABILITADAS,RCK-000915,IMPORTADO_CERRADO,,
930,legacy-csv-1033,3652974,CERRADO,HABILITADAS,RCK-000916,IMPORTADO_CERRADO,,
931,legacy-csv-1034,3652977,CERRADO,HABILITADAS,RCK-000917,IMPORTADO_CERRADO,,
932,legacy-csv-1035,3652978,CERRADO,HABILITADAS,RCK-000918,IMPORTADO_CERRADO,,
933,legacy-csv-1036,3652982,CERRADO,HABILITADAS,RCK-000919,IMPORTADO_CERRADO,,
934,legacy-csv-1037,3652984,CERRADO,HABILITADAS,RCK-000920,IMPORTADO_CERRADO,,
935,legacy-csv-1038,3652989,CERRADO,HABILITADAS,RCK-000921,IMPORTADO_CERRADO,,
936,legacy-csv-1039,3652991,CERRADO,HABILITADAS,RCK-000922,IMPORTADO_CERRADO,,
937,legacy-csv-1041,3652997,CERRADO,HABILITADAS,RCK-000923,IMPORTADO_CERRADO,,
938,legacy-csv-1042,3652997,CERRADO,HABILITADAS,RCK-000924,IMPORTADO_CERRADO,,
939,legacy-csv-1043,3653002,CERRADO,HABILITADAS,RCK-000925,IMPORTADO_CERRADO,,
940,legacy-csv-1044,3653021,CERRADO,HABILITADAS,RCK-000926,IMPORTADO_CERRADO,,
941,legacy-csv-1045,3653022,CERRADO,HABILITADAS,RCK-000927,IMPORTADO_CERRADO,,
942,legacy-csv-1046,3653023,CERRADO,HABILITADAS,RCK-000928,IMPORTADO_CERRADO,,
943,legacy-csv-1047,3653026,CERRADO,HABILITADAS,RCK-000929,IMPORTADO_CERRADO,,
944,legacy-csv-1048,3653029,CERRADO,HABILITADAS,RCK-000930,IMPORTADO_CERRADO,,
945,legacy-csv-1049,3653031,CERRADO,HABILITADAS,RCK-000931,IMPORTADO_CERRADO,,
946,legacy-csv-1050,3653033,CERRADO,HABILITADAS,RCK-000932,IMPORTADO_CERRADO,,
947,legacy-csv-1051,3653035,CERRADO,HABILITADAS,RCK-000933,IMPORTADO_CERRADO,,
948,legacy-csv-1052,3653037,CERRADO,HABILITADAS,RCK-000934,IMPORTADO_CERRADO,,
949,legacy-csv-1053,3653042,CERRADO,HABILITADAS,RCK-000935,IMPORTADO_CERRADO,,
950,legacy-csv-1054,3653044,CERRADO,HABILITADAS,RCK-000936,IMPORTADO_CERRADO,,
951,legacy-csv-1055,3653045,CERRADO,HABILITADAS,RCK-000937,IMPORTADO_CERRADO,,
952,legacy-csv-1056,3653464,CERRADO,HABILITADAS,RCK-000938,IMPORTADO_CERRADO,,
953,legacy-csv-1057,3653465,CERRADO,HABILITADAS,RCK-000939,IMPORTADO_CERRADO,,
954,legacy-csv-1059,3653474,CERRADO,HABILITADAS,RCK-000940,IMPORTADO_CERRADO,,
955,legacy-csv-1060,3653475,CERRADO,HABILITADAS,RCK-000941,IMPORTADO_CERRADO,,
956,legacy-csv-1061,3653476,CERRADO,HABILITADAS,RCK-000942,IMPORTADO_CERRADO,,
957,legacy-csv-1062,3653477,CERRADO,HABILITADAS,RCK-000943,IMPORTADO_CERRADO,,
958,legacy-csv-1063,3653478,CERRADO,HABILITADAS,RCK-000944,IMPORTADO_CERRADO,,
959,legacy-csv-1064,3653479,CERRADO,HABILITADAS,RCK-000945,IMPORTADO_CERRADO,,
960,legacy-csv-1066,3653482,CERRADO,HABILITADAS,RCK-000946,IMPORTADO_CERRADO,,
961,legacy-csv-1067,3653483,CERRADO,HABILITADAS,RCK-000947,IMPORTADO_CERRADO,,
962,legacy-csv-1068,3653484,CERRADO,HABILITADAS,RCK-000948,IMPORTADO_CERRADO,,
963,legacy-csv-1069,3653880,CERRADO,HABILITADAS,RCK-000949,IMPORTADO_CERRADO,,
964,legacy-csv-1070,3653882,CERRADO,HABILITADAS,RCK-000950,IMPORTADO_CERRADO,,
965,legacy-csv-1071,3654189,CERRADO,HABILITADAS,RCK-000951,IMPORTADO_CERRADO,,
966,legacy-csv-1072,3654190,CERRADO,HABILITADAS,RCK-000952,IMPORTADO_CERRADO,,
967,legacy-csv-1073,3654191,CERRADO,HABILITADAS,RCK-000953,IMPORTADO_CERRADO,,
968,legacy-csv-1074,3654192,CERRADO,HABILITADAS,RCK-000954,IMPORTADO_CERRADO,,
969,legacy-csv-1075,3654575,CERRADO,HABILITADAS,RCK-000955,IMPORTADO_CERRADO,,
970,legacy-csv-1076,3654996,CERRADO,HABILITADAS,RCK-000956,IMPORTADO_CERRADO,,
971,legacy-csv-1077,3654997,CERRADO,HABILITADAS,RCK-000957,IMPORTADO_CERRADO,,
972,legacy-csv-1078,3654998,CERRADO,HABILITADAS,RCK-000958,IMPORTADO_CERRADO,,
973,legacy-csv-1079,3654999,CERRADO,HABILITADAS,RCK-000959,IMPORTADO_CERRADO,,
974,legacy-csv-1080,3655000,CERRADO,HABILITADAS,RCK-000960,IMPORTADO_CERRADO,,
975,legacy-csv-1081,3655001,CERRADO,HABILITADAS,RCK-000961,IMPORTADO_CERRADO,,
976,legacy-csv-1082,3655002,CERRADO,HABILITADAS,RCK-000962,IMPORTADO_CERRADO,,
977,legacy-csv-1083,3655003,CERRADO,HABILITADAS,,SKIP_MAL_CARGADO,,
978,legacy-csv-1084,3655004,CERRADO,HABILITADAS,RCK-000963,IMPORTADO_CERRADO,,
979,legacy-csv-1085,3655005,CERRADO,HABILITADAS,RCK-000964,IMPORTADO_CERRADO,,
980,legacy-csv-1086,3655006,CERRADO,HABILITADAS,RCK-000965,IMPORTADO_CERRADO,,
981,legacy-csv-1087,3655007,CERRADO,HABILITADAS,RCK-000966,IMPORTADO_CERRADO,,
982,legacy-csv-1088,3655008,CERRADO,HABILITADAS,RCK-000967,IMPORTADO_CERRADO,,
983,legacy-csv-1089,3655009,CERRADO,HABILITADAS,RCK-000968,IMPORTADO_CERRADO,,
984,legacy-csv-1090,3655010,CERRADO,HABILITADAS,RCK-000969,IMPORTADO_CERRADO,,
985,legacy-csv-1092,3655348,CERRADO,HABILITADAS,RCK-000970,IMPORTADO_CERRADO,,
986,legacy-csv-1093,3655350,CERRADO,HABILITADAS,RCK-000971,IMPORTADO_CERRADO,,
987,legacy-csv-1094,3655351,CERRADO,HABILITADAS,RCK-000972,IMPORTADO_CERRADO,,
988,legacy-csv-1095,3655352,CERRADO,HABILITADAS,RCK-000973,IMPORTADO_CERRADO,,
989,legacy-csv-1096,3655353,CERRADO,HABILITADAS,RCK-000974,IMPORTADO_CERRADO,,
990,legacy-csv-1097,3655681,CERRADO,HABILITADAS,RCK-000975,IMPORTADO_CERRADO,,
991,legacy-csv-1098,3655682,CERRADO,HABILITADAS,RCK-000976,IMPORTADO_CERRADO,,
992,legacy-csv-1099,3655683,CERRADO,HABILITADAS,RCK-000977,IMPORTADO_CERRADO,,
993,legacy-csv-1100,3655684,CERRADO,HABILITADAS,RCK-000978,IMPORTADO_CERRADO,,
994,legacy-csv-1101,3655927,CERRADO,HABILITADAS,RCK-000979,IMPORTADO_CERRADO,,
995,legacy-csv-1102,3655932,CERRADO,HABILITADAS,RCK-000980,IMPORTADO_CERRADO,,
996,legacy-csv-1104,3655936,CERRADO,HABILITADAS,RCK-000981,IMPORTADO_CERRADO,,
997,legacy-csv-1105,3655937,CERRADO,HABILITADAS,RCK-000982,IMPORTADO_CERRADO,,
998,legacy-csv-1106,3655939,CERRADO,HABILITADAS,RCK-000983,IMPORTADO_CERRADO,,
999,legacy-csv-1107,3656010,CERRADO,HABILITADAS,RCK-000984,IMPORTADO_CERRADO,,
1000,legacy-csv-1108,3656378,CERRADO,HABILITADAS,RCK-000985,IMPORTADO_CERRADO,,
1001,legacy-csv-1109,3656379,CERRADO,HABILITADAS,RCK-000986,IMPORTADO_CERRADO,,
1002,legacy-csv-1110,3656380,CERRADO,HABILITADAS,RCK-000987,IMPORTADO_CERRADO,,
1003,legacy-csv-row-1003,,CERRADO,HABILITADAS,,ERROR_VALIDACION,No se pudo mapear cara. No se pudo mapear sector. No se pudo mapear tipo de rack. No se pudo mapear descripcion de rotura. Falta nivel.,Niveles invalidos ignorados: 0
1004,legacy-csv-1111,3656381,CERRADO,HABILITADAS,RCK-000988,IMPORTADO_CERRADO,,
1005,legacy-csv-1112,3656382,CERRADO,HABILITADAS,RCK-000989,IMPORTADO_CERRADO,,
1006,legacy-csv-1113,3656383,CERRADO,HABILITADAS,RCK-000990,IMPORTADO_CERRADO,,
1007,legacy-csv-1114,3656384,CERRADO,HABILITADAS,RCK-000991,IMPORTADO_CERRADO,,
1008,legacy-csv-1115,3656385,CERRADO,HABILITADAS,RCK-000992,IMPORTADO_CERRADO,,
1009,legacy-csv-1116,3656386,CERRADO,HABILITADAS,RCK-000993,IMPORTADO_CERRADO,,
1010,legacy-csv-1117,3656387,CERRADO,HABILITADAS,RCK-000994,IMPORTADO_CERRADO,,
1011,legacy-csv-1118,3656388,CERRADO,HABILITADAS,RCK-000995,IMPORTADO_CERRADO,,
1012,legacy-csv-1119,3656389,CERRADO,HABILITADAS,RCK-000996,IMPORTADO_CERRADO,,
1013,legacy-csv-1120,3656390,CERRADO,HABILITADAS,RCK-000997,IMPORTADO_CERRADO,,
1014,legacy-csv-1121,3656391,CERRADO,HABILITADAS,RCK-000998,IMPORTADO_CERRADO,,
1015,legacy-csv-1122,3656392,CERRADO,HABILITADAS,RCK-000999,IMPORTADO_CERRADO,,
1016,legacy-csv-1123,3656727,CERRADO,HABILITADAS,RCK-001000,IMPORTADO_CERRADO,,
1017,legacy-csv-1124,3656393,CERRADO,HABILITADAS,RCK-001001,IMPORTADO_CERRADO,,
1018,legacy-csv-1125,3656394,CERRADO,HABILITADAS,RCK-001002,IMPORTADO_CERRADO,,
1019,legacy-csv-1127,3656396,CERRADO,HABILITADAS,RCK-001003,IMPORTADO_CERRADO,,
1020,legacy-csv-1128,3656397,CERRADO,HABILITADAS,RCK-001004,IMPORTADO_CERRADO,,
1021,legacy-csv-1133,3656728,CERRADO,HABILITADAS,RCK-001005,IMPORTADO_CERRADO,,
1022,legacy-csv-1134,3656729,CERRADO,HABILITADAS,RCK-001006,IMPORTADO_CERRADO,,
1023,legacy-csv-1135,3656730,CERRADO,HABILITADAS,RCK-001007,IMPORTADO_CERRADO,,
1024,legacy-csv-1132,3656731,CERRADO,HABILITADAS,RCK-001008,IMPORTADO_CERRADO,,
1025,legacy-csv-1133,3656986,CERRADO,HABILITADAS,1005,EXISTING,,
1026,legacy-csv-1134,3656987,CERRADO,HABILITADAS,1006,EXISTING,,
1027,legacy-csv-1135,3656988,CERRADO,HABILITADAS,1007,EXISTING,,
1028,legacy-csv-1136,3656989,CERRADO,HABILITADAS,RCK-001009,IMPORTADO_CERRADO,,
1029,legacy-csv-1137,3656990,CERRADO,HABILITADAS,RCK-001010,IMPORTADO_CERRADO,,
1030,legacy-csv-1138,3657290,CERRADO,HABILITADAS,RCK-001011,IMPORTADO_CERRADO,,
1031,legacy-csv-1139,3657291,CERRADO,HABILITADAS,RCK-001012,IMPORTADO_CERRADO,,
1032,legacy-csv-service-3657293,3657293,CERRADO,HABILITADAS,RCK-001013,IMPORTADO_CERRADO,,
1033,legacy-csv-1141,3662510,CERRADO,HABILITADAS,RCK-001014,IMPORTADO_CERRADO,,
1034,legacy-csv-1142,3662511,CERRADO,HABILITADAS,RCK-001015,IMPORTADO_CERRADO,,
1035,legacy-csv-1143,3662512,CERRADO,HABILITADAS,RCK-001016,IMPORTADO_CERRADO,,
1036,legacy-csv-1144,3662960,CERRADO,HABILITADAS,RCK-001017,IMPORTADO_CERRADO,,
1037,legacy-csv-1145,3662961,CERRADO,HABILITADAS,RCK-001018,IMPORTADO_CERRADO,,
1038,legacy-csv-1146,3662962,CERRADO,HABILITADAS,RCK-001019,IMPORTADO_CERRADO,,
1039,legacy-csv-1147,3662963,CERRADO,HABILITADAS,RCK-001020,IMPORTADO_CERRADO,,
1040,legacy-csv-1148,3662964,CERRADO,HABILITADAS,RCK-001021,IMPORTADO_CERRADO,,
1041,legacy-csv-1149,3663269,CERRADO,HABILITADAS,RCK-001022,IMPORTADO_CERRADO,,
1042,legacy-csv-1150,3663270,CERRADO,HABILITADAS,RCK-001023,IMPORTADO_CERRADO,,
1043,legacy-csv-1151,3663271,CERRADO,HABILITADAS,RCK-001024,IMPORTADO_CERRADO,,
1044,legacy-csv-R,3663272,CERRADO,HABILITADAS,RCK-001025,IMPORTADO_CERRADO,,
1045,legacy-csv-1153,3663273,CERRADO,HABILITADAS,RCK-001026,IMPORTADO_CERRADO,,
1046,legacy-csv-1154,3663274,CERRADO,HABILITADAS,RCK-001027,IMPORTADO_CERRADO,,
1047,legacy-csv-1155,3663275,CERRADO,HABILITADAS,RCK-001028,IMPORTADO_CERRADO,,
1048,legacy-csv-1156,3663276,CERRADO,HABILITADAS,RCK-001029,IMPORTADO_CERRADO,,
1049,legacy-csv-1157,3663277,CERRADO,HABILITADAS,RCK-001030,IMPORTADO_CERRADO,,
1050,legacy-csv-1158,3663278,CERRADO,HABILITADAS,RCK-001031,IMPORTADO_CERRADO,,
1051,legacy-csv-1159,3663279,CERRADO,HABILITADAS,RCK-001032,IMPORTADO_CERRADO,,
1052,legacy-csv-1160,3663280,CERRADO,HABILITADAS,RCK-001033,IMPORTADO_CERRADO,,
1053,legacy-csv-1161,3663281,CERRADO,HABILITADAS,RCK-001034,IMPORTADO_CERRADO,,
1054,legacy-csv-1162,3663282,CERRADO,HABILITADAS,RCK-001035,IMPORTADO_CERRADO,,
1055,legacy-csv-1163,3663283,CERRADO,HABILITADAS,RCK-001036,IMPORTADO_CERRADO,,
1056,legacy-csv-1164,3663284,CERRADO,HABILITADAS,RCK-001037,IMPORTADO_CERRADO,,
1057,legacy-csv-1165,3664061,CERRADO,HABILITADAS,RCK-001038,IMPORTADO_CERRADO,,
1058,legacy-csv-1166,3664062,CERRADO,HABILITADAS,RCK-001039,IMPORTADO_CERRADO,,
1059,legacy-csv-1169,3664065,CERRADO,HABILITADAS,RCK-001040,IMPORTADO_CERRADO,,
1060,legacy-csv-1170,3664066,CERRADO,HABILITADAS,RCK-001041,IMPORTADO_CERRADO,,
1061,legacy-csv-1171,3664415,CERRADO,HABILITADAS,RCK-001042,IMPORTADO_CERRADO,,
1062,legacy-csv-1173,3664417,CERRADO,HABILITADAS,RCK-001043,IMPORTADO_CERRADO,,
1063,legacy-csv-1174,3664418,CERRADO,HABILITADAS,RCK-001044,IMPORTADO_CERRADO,,
1064,legacy-csv-1175,3664420,CERRADO,HABILITADAS,RCK-001045,IMPORTADO_CERRADO,,
1065,legacy-csv-1176,3664421,CERRADO,HABILITADAS,RCK-001046,IMPORTADO_CERRADO,,
1066,legacy-csv-1177,3664422,CERRADO,HABILITADAS,RCK-001047,IMPORTADO_CERRADO,,
1067,legacy-csv-1178,3664423,CERRADO,HABILITADAS,RCK-001048,IMPORTADO_CERRADO,,
1068,legacy-csv-1179,3664424,CERRADO,HABILITADAS,RCK-001049,IMPORTADO_CERRADO,,
1069,legacy-csv-1180,3664425,CERRADO,HABILITADAS,RCK-001050,IMPORTADO_CERRADO,,
1070,legacy-csv-1181,3664426,CERRADO,HABILITADAS,RCK-001051,IMPORTADO_CERRADO,,
1071,legacy-csv-1182,3664427,CERRADO,HABILITADAS,RCK-001052,IMPORTADO_CERRADO,,
1072,legacy-csv-1183,3664789,CERRADO,HABILITADAS,RCK-001053,IMPORTADO_CERRADO,,
1073,legacy-csv-1184,3664790,CERRADO,HABILITADAS,RCK-001054,IMPORTADO_CERRADO,,
1074,legacy-csv-1185,3664791,CERRADO,HABILITADAS,RCK-001055,IMPORTADO_CERRADO,,
1075,legacy-csv-1186,3664792,CERRADO,HABILITADAS,RCK-001056,IMPORTADO_CERRADO,,
1076,legacy-csv-1187,3665590,CERRADO,HABILITADAS,RCK-001057,IMPORTADO_CERRADO,,
1077,legacy-csv-1188,3665591,CERRADO,HABILITADAS,RCK-001058,IMPORTADO_CERRADO,,
1078,legacy-csv-1189,3665592,CERRADO,HABILITADAS,RCK-001059,IMPORTADO_CERRADO,,
1079,legacy-csv-1191,3665594,CERRADO,HABILITADAS,RCK-001060,IMPORTADO_CERRADO,,
1080,legacy-csv-1192,3665595,CERRADO,HABILITADAS,RCK-001061,IMPORTADO_CERRADO,,
1081,legacy-csv-1193,3665596,CERRADO,HABILITADAS,RCK-001062,IMPORTADO_CERRADO,,
1082,legacy-csv-1194,3665597,CERRADO,HABILITADAS,RCK-001063,IMPORTADO_CERRADO,,
1083,legacy-csv-1195,3665909,CERRADO,HABILITADAS,RCK-001064,IMPORTADO_CERRADO,,
1084,legacy-csv-1196,3665910,CERRADO,HABILITADAS,RCK-001065,IMPORTADO_CERRADO,,
1085,legacy-csv-1198,3666345,CERRADO,HABILITADAS,RCK-001066,IMPORTADO_CERRADO,,
1086,legacy-csv-1199,3666346,CERRADO,HABILITADAS,RCK-001067,IMPORTADO_CERRADO,,
1087,legacy-csv-1200,3666863,CERRADO,HABILITADAS,RCK-001068,IMPORTADO_CERRADO,,
1088,legacy-csv-1201,3666864,CERRADO,HABILITADAS,RCK-001069,IMPORTADO_CERRADO,,
1089,legacy-csv-1202,3666865,CERRADO,HABILITADAS,RCK-001070,IMPORTADO_CERRADO,,
1090,legacy-csv-1203,3666866,CERRADO,HABILITADAS,RCK-001071,IMPORTADO_CERRADO,,
1091,legacy-csv-1205,3667056,CERRADO,HABILITADAS,RCK-001072,IMPORTADO_CERRADO,,
1092,legacy-csv-1206,3667054,CERRADO,HABILITADAS,RCK-001073,IMPORTADO_CERRADO,,
1093,legacy-csv-1207,3667049,CERRADO,HABILITADAS,RCK-001074,IMPORTADO_CERRADO,,
1094,legacy-csv-1208,3667255,CERRADO,HABILITADAS,RCK-001075,IMPORTADO_CERRADO,,
1095,legacy-csv-1209,3667256,CERRADO,HABILITADAS,RCK-001076,IMPORTADO_CERRADO,,
1096,legacy-csv-1210,3667257,CERRADO,HABILITADAS,RCK-001077,IMPORTADO_CERRADO,,
1097,legacy-csv-1211,3667258,CERRADO,HABILITADAS,RCK-001078,IMPORTADO_CERRADO,,
1098,legacy-csv-1212,3667259,CERRADO,HABILITADAS,RCK-001079,IMPORTADO_CERRADO,,
1099,legacy-csv-1213,3667260,CERRADO,HABILITADAS,RCK-001080,IMPORTADO_CERRADO,,
1100,legacy-csv-1214,3667261,CERRADO,HABILITADAS,RCK-001081,IMPORTADO_CERRADO,,
1101,legacy-csv-1215,3667283,CERRADO,HABILITADAS,RCK-001082,IMPORTADO_CERRADO,,
1102,legacy-csv-1218,3668199,CERRADO,HABILITADAS,RCK-001083,IMPORTADO_CERRADO,,
1103,legacy-csv-1219,3668200,CERRADO,HABILITADAS,RCK-001084,IMPORTADO_CERRADO,,
1104,legacy-csv-1220,3668201,CERRADO,HABILITADAS,RCK-001085,IMPORTADO_CERRADO,,
1105,legacy-csv-1221,3668202,CERRADO,HABILITADAS,RCK-001086,IMPORTADO_CERRADO,,
1106,legacy-csv-1225,3668430,CERRADO,HABILITADAS,RCK-001087,IMPORTADO_CERRADO,,
1107,legacy-csv-1226,3668631,CERRADO,HABILITADAS,RCK-001088,IMPORTADO_CERRADO,,
1108,legacy-csv-1228,3668632,CERRADO,HABILITADAS,RCK-001089,IMPORTADO_CERRADO,,
1109,legacy-csv-1229,3668633,CERRADO,HABILITADAS,RCK-001090,IMPORTADO_CERRADO,,
1110,legacy-csv-1230,3668634,CERRADO,HABILITADAS,RCK-001091,IMPORTADO_CERRADO,,
1111,legacy-csv-1231,3668635,CERRADO,HABILITADAS,RCK-001092,IMPORTADO_CERRADO,,
1112,legacy-csv-1232,3668636,CERRADO,HABILITADAS,RCK-001093,IMPORTADO_CERRADO,,
1113,legacy-csv-1233,3668637,CERRADO,HABILITADAS,RCK-001094,IMPORTADO_CERRADO,,
1114,legacy-csv-1235,3669044,CERRADO,HABILITADAS,RCK-001095,IMPORTADO_CERRADO,,
1115,legacy-csv-1236,3669045,CERRADO,HABILITADAS,RCK-001096,IMPORTADO_CERRADO,,
1116,legacy-csv-1237,3669046,CERRADO,HABILITADAS,RCK-001097,IMPORTADO_CERRADO,,
1117,legacy-csv-1238,3669380,CERRADO,HABILITADAS,RCK-001098,IMPORTADO_CERRADO,,
1118,legacy-csv-1239,3669754,CERRADO,HABILITADAS,RCK-001099,IMPORTADO_CERRADO,,
1119,legacy-csv-1240,3669755,CERRADO,HABILITADAS,RCK-001100,IMPORTADO_CERRADO,,
1120,legacy-csv-1241,3669756,CERRADO,HABILITADAS,RCK-001101,IMPORTADO_CERRADO,,
1121,legacy-csv-1242,3670082,CERRADO,HABILITADAS,RCK-001102,IMPORTADO_CERRADO,,
1122,legacy-csv-1243,3670083,CERRADO,HABILITADAS,RCK-001103,IMPORTADO_CERRADO,,
1123,legacy-csv-1244,3670084,CERRADO,HABILITADAS,RCK-001104,IMPORTADO_CERRADO,,
1124,legacy-csv-1245,3670086,CERRADO,HABILITADAS,RCK-001105,IMPORTADO_CERRADO,,
1125,legacy-csv-1247,3670088,CERRADO,HABILITADAS,RCK-001106,IMPORTADO_CERRADO,,
1126,legacy-csv-1248,3670091,CERRADO,HABILITADAS,RCK-001107,IMPORTADO_CERRADO,,
1127,legacy-csv-1249,3670425,CERRADO,HABILITADAS,RCK-001108,IMPORTADO_CERRADO,,
1128,legacy-csv-1250,3670426,CERRADO,HABILITADAS,RCK-001109,IMPORTADO_CERRADO,,
1129,legacy-csv-1251,3670832,CERRADO,HABILITADAS,RCK-001110,IMPORTADO_CERRADO,,
1130,legacy-csv-1252,3670833,CERRADO,HABILITADAS,RCK-001111,IMPORTADO_CERRADO,,
1131,legacy-csv-1253,3671244,CERRADO,HABILITADAS,RCK-001112,IMPORTADO_CERRADO,,
1132,legacy-csv-1254,3671245,CERRADO,HABILITADAS,RCK-001113,IMPORTADO_CERRADO,,
1133,legacy-csv-1255,3671246,CERRADO,HABILITADAS,RCK-001114,IMPORTADO_CERRADO,,
1134,legacy-csv-1256,3671247,CERRADO,HABILITADAS,RCK-001115,IMPORTADO_CERRADO,,
1135,legacy-csv-1258,3671248,CERRADO,HABILITADAS,RCK-001116,IMPORTADO_CERRADO,,
1136,legacy-csv-1259,3670835,CERRADO,HABILITADAS,RCK-001117,IMPORTADO_CERRADO,,
1137,legacy-csv-1260,3671249,CERRADO,HABILITADAS,,ERROR_VALIDACION,Ubicacion obligatoria.,Huecos no numericos ignorados: 01P
1138,legacy-csv-1262,3671250,CERRADO,HABILITADAS,RCK-001118,IMPORTADO_CERRADO,,
1139,legacy-csv-1263,3671251,CERRADO,HABILITADAS,,ERROR_VALIDACION,Ubicacion obligatoria.,Huecos no numericos ignorados: 75D
1140,legacy-csv-1264,3671253,CERRADO,HABILITADAS,RCK-001119,IMPORTADO_CERRADO,,
1141,legacy-csv-1265,3671254,CERRADO,HABILITADAS,RCK-001120,IMPORTADO_CERRADO,,
1142,legacy-csv-1266,3671255,CERRADO,HABILITADAS,RCK-001121,IMPORTADO_CERRADO,,
1143,legacy-csv-1267,3671256,CERRADO,HABILITADAS,RCK-001122,IMPORTADO_CERRADO,,
1144,legacy-csv-1268,3671257,CERRADO,HABILITADAS,RCK-001123,IMPORTADO_CERRADO,,
1145,legacy-csv-1269,3671258,CERRADO,HABILITADAS,RCK-001124,IMPORTADO_CERRADO,,
1146,legacy-csv-1270,3671259,CERRADO,HABILITADAS,RCK-001125,IMPORTADO_CERRADO,,
1147,legacy-csv-1272,3671580,CERRADO,HABILITADAS,RCK-001126,IMPORTADO_CERRADO,,
1148,legacy-csv-1273,3671599,CERRADO,HABILITADAS,RCK-001127,IMPORTADO_CERRADO,,
1149,legacy-csv-1274,3671600,CERRADO,HABILITADAS,RCK-001128,IMPORTADO_CERRADO,,
1150,legacy-csv-1275,3671601,CERRADO,HABILITADAS,RCK-001129,IMPORTADO_CERRADO,,
1151,legacy-csv-1276,3671602,CERRADO,HABILITADAS,RCK-001130,IMPORTADO_CERRADO,,
1152,legacy-csv-1277,3671603,CERRADO,HABILITADAS,RCK-001131,IMPORTADO_CERRADO,,
1153,legacy-csv-1278,3671610,CERRADO,HABILITADAS,RCK-001132,IMPORTADO_CERRADO,,
1154,legacy-csv-1279,3671613,CERRADO,HABILITADAS,RCK-001133,IMPORTADO_CERRADO,,
1155,legacy-csv-1280,3671614,CERRADO,HABILITADAS,RCK-001134,IMPORTADO_CERRADO,,
1156,legacy-csv-1281,3671896,CERRADO,HABILITADAS,RCK-001135,IMPORTADO_CERRADO,,
1157,legacy-csv-1282,3671897,CERRADO,HABILITADAS,RCK-001136,IMPORTADO_CERRADO,,
1158,legacy-csv-1283,3672218,CERRADO,HABILITADAS,RCK-001137,IMPORTADO_CERRADO,,
1159,legacy-csv-1284,3672219,CERRADO,HABILITADAS,RCK-001138,IMPORTADO_CERRADO,,
1160,legacy-csv-1285,3672220,CERRADO,HABILITADAS,RCK-001139,IMPORTADO_CERRADO,,
1161,legacy-csv-1286,3672221,CERRADO,HABILITADAS,RCK-001140,IMPORTADO_CERRADO,,
1162,legacy-csv-1287,3672222,CERRADO,HABILITADAS,RCK-001141,IMPORTADO_CERRADO,,
1163,legacy-csv-1288,3672223,CERRADO,HABILITADAS,RCK-001142,IMPORTADO_CERRADO,,
1164,legacy-csv-1289,3672240,CERRADO,HABILITADAS,RCK-001143,IMPORTADO_CERRADO,,
1165,legacy-csv-1290,3672241,CERRADO,HABILITADAS,RCK-001144,IMPORTADO_CERRADO,,
1166,legacy-csv-1291,3672243,CERRADO,HABILITADAS,RCK-001145,IMPORTADO_CERRADO,,
1167,legacy-csv-1292,3672244,CERRADO,HABILITADAS,RCK-001146,IMPORTADO_CERRADO,,
1168,legacy-csv-1293,3677510,CERRADO,HABILITADAS,RCK-001147,IMPORTADO_CERRADO,,
1169,legacy-csv-1294,3677951,CERRADO,HABILITADAS,RCK-001148,IMPORTADO_CERRADO,,
1170,legacy-csv-1295,3677952,CERRADO,HABILITADAS,RCK-001149,IMPORTADO_CERRADO,,
1171,legacy-csv-1296,3677953,CERRADO,HABILITADAS,RCK-001150,IMPORTADO_CERRADO,,
1172,legacy-csv-1297,3677511,CERRADO,HABILITADAS,RCK-001151,IMPORTADO_CERRADO,,
1173,legacy-csv-1298,3677513,CERRADO,HABILITADAS,RCK-001152,IMPORTADO_CERRADO,,
1174,legacy-csv-1299,3677514,CERRADO,HABILITADAS,RCK-001153,IMPORTADO_CERRADO,,
1175,legacy-csv-1300,3677516,CERRADO,HABILITADAS,RCK-001154,IMPORTADO_CERRADO,,
1176,legacy-csv-1301,3677518,CERRADO,HABILITADAS,RCK-001155,IMPORTADO_CERRADO,,
1177,legacy-csv-1302,3677521,CERRADO,HABILITADAS,RCK-001156,IMPORTADO_CERRADO,,
1178,legacy-csv-1303,3677541,CERRADO,HABILITADAS,RCK-001157,IMPORTADO_CERRADO,,
1179,legacy-csv-1304,3677542,CERRADO,HABILITADAS,RCK-001158,IMPORTADO_CERRADO,,
1180,legacy-csv-1305,3677544,CERRADO,HABILITADAS,RCK-001159,IMPORTADO_CERRADO,,
1181,legacy-csv-1306,3677545,CERRADO,HABILITADAS,RCK-001160,IMPORTADO_CERRADO,,
1182,legacy-csv-1307,3677546,CERRADO,HABILITADAS,RCK-001161,IMPORTADO_CERRADO,,
1183,legacy-csv-1308,3677547,CERRADO,HABILITADAS,RCK-001162,IMPORTADO_CERRADO,,
1184,legacy-csv-1309,3677548,CERRADO,HABILITADAS,RCK-001163,IMPORTADO_CERRADO,,
1185,legacy-csv-1310,3677550,CERRADO,HABILITADAS,RCK-001164,IMPORTADO_CERRADO,,
1186,legacy-csv-1311,3677601,CERRADO,HABILITADAS,RCK-001165,IMPORTADO_CERRADO,,
1187,legacy-csv-1312,3677602,CERRADO,HABILITADAS,RCK-001166,IMPORTADO_CERRADO,,
1188,legacy-csv-1313,3677603,CERRADO,HABILITADAS,RCK-001167,IMPORTADO_CERRADO,,
1189,legacy-csv-1314,3677604,CERRADO,HABILITADAS,RCK-001168,IMPORTADO_CERRADO,,
1190,legacy-csv-1316,3677606,CERRADO,HABILITADAS,RCK-001169,IMPORTADO_CERRADO,,
1191,legacy-csv-1317,3677607,CERRADO,HABILITADAS,RCK-001170,IMPORTADO_CERRADO,,
1192,legacy-csv-1318,3677609,CERRADO,HABILITADAS,RCK-001171,IMPORTADO_CERRADO,,
1193,legacy-csv-1319,3677611,CERRADO,HABILITADAS,RCK-001172,IMPORTADO_CERRADO,,
1194,legacy-csv-1320,3677613,CERRADO,HABILITADAS,RCK-001173,IMPORTADO_CERRADO,,
1195,legacy-csv-1321,3677910,CERRADO,HABILITADAS,RCK-001174,IMPORTADO_CERRADO,,
1196,legacy-csv-1322,3677911,CERRADO,HABILITADAS,RCK-001175,IMPORTADO_CERRADO,,
1197,legacy-csv-1323,3677912,CERRADO,HABILITADAS,RCK-001176,IMPORTADO_CERRADO,,
1198,legacy-csv-1324,3677913,CERRADO,HABILITADAS,RCK-001177,IMPORTADO_CERRADO,,
1199,legacy-csv-1325,3677914,CERRADO,HABILITADAS,RCK-001178,IMPORTADO_CERRADO,,
1200,legacy-csv-1326,3677915,CERRADO,HABILITADAS,RCK-001179,IMPORTADO_CERRADO,,
1201,legacy-csv-1327,3677916,CERRADO,HABILITADAS,RCK-001180,IMPORTADO_CERRADO,,
1202,legacy-csv-1328,3677917,CERRADO,HABILITADAS,RCK-001181,IMPORTADO_CERRADO,,
1203,legacy-csv-1329,3677918,CERRADO,HABILITADAS,RCK-001182,IMPORTADO_CERRADO,,
1204,legacy-csv-1330,3677919,CERRADO,HABILITADAS,RCK-001183,IMPORTADO_CERRADO,,
1205,legacy-csv-1331,3677920,CERRADO,HABILITADAS,RCK-001184,IMPORTADO_CERRADO,,
1206,legacy-csv-1332,3677921,CERRADO,HABILITADAS,RCK-001185,IMPORTADO_CERRADO,,
1207,legacy-csv-1333,3677948,CERRADO,HABILITADAS,RCK-001186,IMPORTADO_CERRADO,,
1208,legacy-csv-1334,3677949,CERRADO,HABILITADAS,RCK-001187,IMPORTADO_CERRADO,,
1209,legacy-csv-1335,3677950,CERRADO,HABILITADAS,RCK-001188,IMPORTADO_CERRADO,,
1210,legacy-csv-1336,3678270,CERRADO,HABILITADAS,RCK-001189,IMPORTADO_CERRADO,,
1211,legacy-csv-1337,3678271,CERRADO,HABILITADAS,RCK-001190,IMPORTADO_CERRADO,,
1212,legacy-csv-1338,3678272,CERRADO,HABILITADAS,RCK-001191,IMPORTADO_CERRADO,,
1213,legacy-csv-1340,3678706,CERRADO,HABILITADAS,RCK-001192,IMPORTADO_CERRADO,,
1214,legacy-csv-1341,3678708,CERRADO,HABILITADAS,RCK-001193,IMPORTADO_CERRADO,,
1215,legacy-csv-1342,3678709,CERRADO,HABILITADAS,RCK-001194,IMPORTADO_CERRADO,,
1216,legacy-csv-1343,3679133,CERRADO,HABILITADAS,RCK-001195,IMPORTADO_CERRADO,,
1217,legacy-csv-1344,3679134,CERRADO,HABILITADAS,RCK-001196,IMPORTADO_CERRADO,,
1218,legacy-csv-1345,3679135,CERRADO,HABILITADAS,RCK-001197,IMPORTADO_CERRADO,,
1219,legacy-csv-1346,3679136,CERRADO,HABILITADAS,RCK-001198,IMPORTADO_CERRADO,,
1220,legacy-csv-1347,3679137,CERRADO,HABILITADAS,RCK-001199,IMPORTADO_CERRADO,,
1221,legacy-csv-1348,3679138,CERRADO,HABILITADAS,RCK-001200,IMPORTADO_CERRADO,,
1222,legacy-csv-1349,3679477,CERRADO,HABILITADAS,RCK-001201,IMPORTADO_CERRADO,,
1223,legacy-csv-1350,3679478,CERRADO,HABILITADAS,RCK-001202,IMPORTADO_CERRADO,,
1224,legacy-csv-1351,3679851,CERRADO,HABILITADAS,RCK-001203,IMPORTADO_CERRADO,,
1225,legacy-csv-1352,3679852,CERRADO,HABILITADAS,RCK-001204,IMPORTADO_CERRADO,,
1226,legacy-csv-1353,3679853,CERRADO,HABILITADAS,RCK-001205,IMPORTADO_CERRADO,,
1227,legacy-csv-1354,3679854,CERRADO,HABILITADAS,RCK-001206,IMPORTADO_CERRADO,,
1228,legacy-csv-1355,3679855,CERRADO,HABILITADAS,RCK-001207,IMPORTADO_CERRADO,,
1229,legacy-csv-1356,3679856,CERRADO,HABILITADAS,RCK-001208,IMPORTADO_CERRADO,,
1230,legacy-csv-1357,3679857,CERRADO,HABILITADAS,RCK-001209,IMPORTADO_CERRADO,,
1231,legacy-csv-1360,3679860,CERRADO,HABILITADAS,RCK-001210,IMPORTADO_CERRADO,,
1232,legacy-csv-1361,3679861,CERRADO,HABILITADAS,RCK-001211,IMPORTADO_CERRADO,,
1233,legacy-csv-1362,3679862,CERRADO,HABILITADAS,RCK-001212,IMPORTADO_CERRADO,,
1234,legacy-csv-1364,3680137,CERRADO,HABILITADAS,RCK-001213,IMPORTADO_CERRADO,,
1235,legacy-csv-1365,3680138,CERRADO,HABILITADAS,RCK-001214,IMPORTADO_CERRADO,,
1236,legacy-csv-1366,3680150,CERRADO,HABILITADAS,RCK-001215,IMPORTADO_CERRADO,,
1237,legacy-csv-1367,3680151,CERRADO,HABILITADAS,RCK-001216,IMPORTADO_CERRADO,,
1238,legacy-csv-1368,3680152,CERRADO,HABILITADAS,RCK-001217,IMPORTADO_CERRADO,,
1239,legacy-csv-1370,3680154,CERRADO,HABILITADAS,RCK-001218,IMPORTADO_CERRADO,,
1240,legacy-csv-1371,3680552,CERRADO,HABILITADAS,,ERROR_VALIDACION,Falta nivel.,Niveles invalidos ignorados: 4
1241,legacy-csv-1372,3680553,CERRADO,HABILITADAS,RCK-001219,IMPORTADO_CERRADO,,
1242,legacy-csv-1373,3680571,CERRADO,HABILITADAS,RCK-001220,IMPORTADO_CERRADO,,
1243,legacy-csv-1374,3680572,CERRADO,HABILITADAS,RCK-001221,IMPORTADO_CERRADO,,
1244,legacy-csv-1375,3680573,CERRADO,HABILITADAS,RCK-001222,IMPORTADO_CERRADO,,
1245,legacy-csv-1376,3680574,CERRADO,HABILITADAS,RCK-001223,IMPORTADO_CERRADO,,
1246,legacy-csv-1377,3680575,CERRADO,HABILITADAS,RCK-001224,IMPORTADO_CERRADO,,
1247,legacy-csv-1378,3680576,CERRADO,HABILITADAS,RCK-001225,IMPORTADO_CERRADO,,
1248,legacy-csv-1379,3680577,CERRADO,HABILITADAS,RCK-001226,IMPORTADO_CERRADO,,
1249,legacy-csv-1380,3680579,CERRADO,HABILITADAS,RCK-001227,IMPORTADO_CERRADO,,
1250,legacy-csv-1381,3680580,CERRADO,HABILITADAS,RCK-001228,IMPORTADO_CERRADO,,
1251,legacy-csv-1382,3680952,CERRADO,HABILITADAS,RCK-001229,IMPORTADO_CERRADO,,
1252,legacy-csv-1384,3680954,CERRADO,HABILITADAS,RCK-001230,IMPORTADO_CERRADO,,
1253,legacy-csv-1385,3680955,CERRADO,HABILITADAS,RCK-001231,IMPORTADO_CERRADO,,
1254,legacy-csv-1386,3680956,CERRADO,HABILITADAS,RCK-001232,IMPORTADO_CERRADO,,
1255,legacy-csv-1387,3680957,CERRADO,HABILITADAS,RCK-001233,IMPORTADO_CERRADO,,
1256,legacy-csv-1388,3680958,CERRADO,HABILITADAS,RCK-001234,IMPORTADO_CERRADO,,
1257,legacy-csv-1389,3680966,CERRADO,HABILITADAS,RCK-001235,IMPORTADO_CERRADO,,
1258,legacy-csv-1390,3681168,CERRADO,HABILITADAS,RCK-001236,IMPORTADO_CERRADO,,
1259,legacy-csv-1391,3681169,CERRADO,HABILITADAS,RCK-001237,IMPORTADO_CERRADO,,
1260,legacy-csv-1392,3681170,CERRADO,HABILITADAS,RCK-001238,IMPORTADO_CERRADO,,
1261,legacy-csv-1393,3681171,CERRADO,HABILITADAS,RCK-001239,IMPORTADO_CERRADO,,
1262,legacy-csv-1394,3681172,CERRADO,HABILITADAS,RCK-001240,IMPORTADO_CERRADO,,
1263,legacy-csv-1395,3681173,CERRADO,HABILITADAS,RCK-001241,IMPORTADO_CERRADO,,
1264,legacy-csv-1396,3681174,CERRADO,HABILITADAS,RCK-001242,IMPORTADO_CERRADO,,
1265,legacy-csv-1397,3681175,CERRADO,HABILITADAS,RCK-001243,IMPORTADO_CERRADO,,
1266,legacy-csv-1398,3681176,CERRADO,HABILITADAS,RCK-001244,IMPORTADO_CERRADO,,
1267,legacy-csv-1399,3681177,CERRADO,HABILITADAS,RCK-001245,IMPORTADO_CERRADO,,
1268,legacy-csv-1400,3681178,CERRADO,HABILITADAS,RCK-001246,IMPORTADO_CERRADO,,
1269,legacy-csv-1401,3681179,CERRADO,HABILITADAS,RCK-001247,IMPORTADO_CERRADO,,
1270,legacy-csv-1402,3681181,CERRADO,HABILITADAS,RCK-001248,IMPORTADO_CERRADO,,
1271,legacy-csv-1403,3682098,CERRADO,HABILITADAS,RCK-001249,IMPORTADO_CERRADO,,
1272,legacy-csv-1404,3682099,CERRADO,HABILITADAS,RCK-001250,IMPORTADO_CERRADO,,
1273,legacy-csv-1405,3682100,CERRADO,HABILITADAS,RCK-001251,IMPORTADO_CERRADO,,
1274,legacy-csv-1406,3682101,CERRADO,HABILITADAS,RCK-001252,IMPORTADO_CERRADO,,
1275,legacy-csv-1407,3682102,CERRADO,HABILITADAS,RCK-001253,IMPORTADO_CERRADO,,
1276,legacy-csv-1408,3682103,CERRADO,HABILITADAS,RCK-001254,IMPORTADO_CERRADO,,
1277,legacy-csv-1409,3682104,CERRADO,HABILITADAS,RCK-001255,IMPORTADO_CERRADO,,
1278,legacy-csv-1410,3682105,CERRADO,HABILITADAS,RCK-001256,IMPORTADO_CERRADO,,
1279,legacy-csv-1412,3682108,CERRADO,HABILITADAS,RCK-001257,IMPORTADO_CERRADO,,
1280,legacy-csv-1413,3682110,CERRADO,HABILITADAS,RCK-001258,IMPORTADO_CERRADO,,
1281,legacy-csv-1414,3682112,CERRADO,HABILITADAS,RCK-001259,IMPORTADO_CERRADO,,
1282,legacy-csv-1415,3682113,CERRADO,HABILITADAS,RCK-001260,IMPORTADO_CERRADO,,
1283,legacy-csv-1416,3682114,CERRADO,HABILITADAS,RCK-001261,IMPORTADO_CERRADO,,
1284,legacy-csv-1417,3682115,CERRADO,HABILITADAS,RCK-001262,IMPORTADO_CERRADO,,
1285,legacy-csv-1418,3682116,CERRADO,HABILITADAS,RCK-001263,IMPORTADO_CERRADO,,
1286,legacy-csv-1419,3682117,CERRADO,HABILITADAS,RCK-001264,IMPORTADO_CERRADO,,
1287,legacy-csv-1420,3682118,CERRADO,HABILITADAS,RCK-001265,IMPORTADO_CERRADO,,
1288,legacy-csv-1421,3682119,CERRADO,HABILITADAS,RCK-001266,IMPORTADO_CERRADO,,
1289,legacy-csv-1422,3682120,CERRADO,HABILITADAS,RCK-001267,IMPORTADO_CERRADO,,
1290,legacy-csv-1423,3682121,CERRADO,HABILITADAS,RCK-001268,IMPORTADO_CERRADO,,
1291,legacy-csv-1424,3682122,CERRADO,HABILITADAS,RCK-001269,IMPORTADO_CERRADO,,
1292,legacy-csv-1425,3682123,CERRADO,HABILITADAS,RCK-001270,IMPORTADO_CERRADO,,
1293,legacy-csv-1426,3682124,CERRADO,HABILITADAS,RCK-001271,IMPORTADO_CERRADO,,
1294,legacy-csv-1427,3682125,CERRADO,HABILITADAS,RCK-001272,IMPORTADO_CERRADO,,
1295,legacy-csv-1428,3682126,CERRADO,HABILITADAS,RCK-001273,IMPORTADO_CERRADO,,
1296,legacy-csv-1429,3682127,CERRADO,HABILITADAS,RCK-001274,IMPORTADO_CERRADO,,
1297,legacy-csv-1430,3682128,CERRADO,HABILITADAS,RCK-001275,IMPORTADO_CERRADO,,
1298,legacy-csv-1431,3682129,CERRADO,HABILITADAS,RCK-001276,IMPORTADO_CERRADO,,
1299,legacy-csv-1432,3682130,CERRADO,HABILITADAS,RCK-001277,IMPORTADO_CERRADO,,
1300,legacy-csv-1433,3682462,CERRADO,HABILITADAS,RCK-001278,IMPORTADO_CERRADO,,
1301,legacy-csv-1434,3682463,CERRADO,HABILITADAS,RCK-001279,IMPORTADO_CERRADO,,
1302,legacy-csv-1435,3682464,CERRADO,HABILITADAS,RCK-001280,IMPORTADO_CERRADO,,
1303,legacy-csv-1436,3682465,CERRADO,HABILITADAS,RCK-001281,IMPORTADO_CERRADO,,
1304,legacy-csv-1437,3682603,CERRADO,HABILITADAS,RCK-001282,IMPORTADO_CERRADO,,
1305,legacy-csv-1438,3682604,CERRADO,HABILITADAS,RCK-001283,IMPORTADO_CERRADO,,
1306,legacy-csv-1439,3682605,CERRADO,HABILITADAS,RCK-001284,IMPORTADO_CERRADO,,
1307,legacy-csv-1440,3682607,CERRADO,HABILITADAS,RCK-001285,IMPORTADO_CERRADO,,
1308,legacy-csv-1441,3682608,CERRADO,HABILITADAS,RCK-001286,IMPORTADO_CERRADO,,
1309,legacy-csv-1442,3682609,CERRADO,HABILITADAS,RCK-001287,IMPORTADO_CERRADO,,
1310,legacy-csv-1443,3682610,CERRADO,HABILITADAS,RCK-001288,IMPORTADO_CERRADO,,
1311,legacy-csv-1444,3682613,CERRADO,HABILITADAS,RCK-001289,IMPORTADO_CERRADO,,
1312,legacy-csv-1446,3682620,CERRADO,HABILITADAS,RCK-001290,IMPORTADO_CERRADO,,
1313,legacy-csv-1447,3682622,CERRADO,HABILITADAS,RCK-001291,IMPORTADO_CERRADO,,
1314,legacy-csv-1448,3682624,CERRADO,HABILITADAS,RCK-001292,IMPORTADO_CERRADO,,
1315,legacy-csv-1449,3682625,CERRADO,HABILITADAS,RCK-001293,IMPORTADO_CERRADO,,
1316,legacy-csv-1450,3682626,CERRADO,HABILITADAS,RCK-001294,IMPORTADO_CERRADO,,
1317,legacy-csv-1451,3682629,CERRADO,HABILITADAS,RCK-001295,IMPORTADO_CERRADO,,
1318,legacy-csv-1452,3682776,CERRADO,HABILITADAS,RCK-001296,IMPORTADO_CERRADO,,
1319,legacy-csv-12,3683131,CERRADO,HABILITADAS,RCK-001297,IMPORTADO_CERRADO,,
1320,legacy-csv-1454,3683132,CERRADO,HABILITADAS,RCK-001298,IMPORTADO_CERRADO,,
1321,legacy-csv-1455,3683133,CERRADO,HABILITADAS,RCK-001299,IMPORTADO_CERRADO,,
1322,legacy-csv-1456,3683134,CERRADO,HABILITADAS,RCK-001300,IMPORTADO_CERRADO,,
1323,legacy-csv-1457,3683135,CERRADO,HABILITADAS,RCK-001301,IMPORTADO_CERRADO,,
1324,legacy-csv-1458,3683136,CERRADO,HABILITADAS,RCK-001302,IMPORTADO_CERRADO,,
1325,legacy-csv-1459,3683137,CERRADO,HABILITADAS,RCK-001303,IMPORTADO_CERRADO,,
1326,legacy-csv-1460,3683138,CERRADO,HABILITADAS,RCK-001304,IMPORTADO_CERRADO,,
1327,legacy-csv-1461,3683139,CERRADO,HABILITADAS,RCK-001305,IMPORTADO_CERRADO,,
1328,legacy-csv-1462,3683141,CERRADO,HABILITADAS,RCK-001306,IMPORTADO_CERRADO,,
1329,legacy-csv-1463,3683142,CERRADO,HABILITADAS,RCK-001307,IMPORTADO_CERRADO,,
1330,legacy-csv-1464,3683143,CERRADO,HABILITADAS,RCK-001308,IMPORTADO_CERRADO,,
1331,legacy-csv-1465,3683146,CERRADO,HABILITADAS,RCK-001309,IMPORTADO_CERRADO,,
1332,legacy-csv-1466,3683147,CERRADO,HABILITADAS,RCK-001310,IMPORTADO_CERRADO,,
1333,legacy-csv-1467,3683491,CERRADO,HABILITADAS,RCK-001311,IMPORTADO_CERRADO,,
1334,legacy-csv-1468,3683492,CERRADO,HABILITADAS,RCK-001312,IMPORTADO_CERRADO,,
1335,legacy-csv-1469,3683510,CERRADO,HABILITADAS,RCK-001313,IMPORTADO_CERRADO,,
1336,legacy-csv-1470,3683511,CERRADO,HABILITADAS,RCK-001314,IMPORTADO_CERRADO,,
1337,legacy-csv-1471,3683512,CERRADO,HABILITADAS,RCK-001315,IMPORTADO_CERRADO,,
1338,legacy-csv-1472,3683514,CERRADO,HABILITADAS,RCK-001316,IMPORTADO_CERRADO,,
1339,legacy-csv-1473,3683791,CERRADO,HABILITADAS,RCK-001317,IMPORTADO_CERRADO,,
1340,legacy-csv-1474,3683792,CERRADO,HABILITADAS,RCK-001318,IMPORTADO_CERRADO,,
1341,legacy-csv-1475,3683793,CERRADO,HABILITADAS,RCK-001319,IMPORTADO_CERRADO,,
1342,legacy-csv-1495,3684078,CERRADO,HABILITADAS,RCK-001320,IMPORTADO_CERRADO,,
1343,legacy-csv-1496,3684083,CERRADO,HABILITADAS,RCK-001321,IMPORTADO_CERRADO,,
1344,legacy-csv-1497,3684113,CERRADO,HABILITADAS,RCK-001322,IMPORTADO_CERRADO,,
1345,legacy-csv-1498,3684114,CERRADO,HABILITADAS,RCK-001323,IMPORTADO_CERRADO,,
1346,legacy-csv-1499,3684115,CERRADO,HABILITADAS,RCK-001324,IMPORTADO_CERRADO,,
1347,legacy-csv-1500,3684116,CERRADO,HABILITADAS,RCK-001325,IMPORTADO_CERRADO,,
1348,legacy-csv-1501,3684117,CERRADO,HABILITADAS,RCK-001326,IMPORTADO_CERRADO,,
1349,legacy-csv-1502,3684064,CERRADO,HABILITADAS,RCK-001327,IMPORTADO_CERRADO,,
1350,legacy-csv-1503,3684118,CERRADO,HABILITADAS,RCK-001328,IMPORTADO_CERRADO,,
1351,legacy-csv-1504,3684119,CERRADO,HABILITADAS,RCK-001329,IMPORTADO_CERRADO,,
1352,legacy-csv-1505,3684120,CERRADO,HABILITADAS,RCK-001330,IMPORTADO_CERRADO,,
1353,legacy-csv-1506,3684121,CERRADO,HABILITADAS,RCK-001331,IMPORTADO_CERRADO,,
1354,legacy-csv-1508,3684421,CERRADO,HABILITADAS,RCK-001332,IMPORTADO_CERRADO,,
1355,legacy-csv-1509,3684829,CERRADO,HABILITADAS,RCK-001333,IMPORTADO_CERRADO,,
1356,legacy-csv-1510,3684831,CERRADO,HABILITADAS,RCK-001334,IMPORTADO_CERRADO,,
1357,legacy-csv-1511,3685116,CERRADO,HABILITADAS,RCK-001335,IMPORTADO_CERRADO,,
1358,legacy-csv-1512,3685117,CERRADO,HABILITADAS,RCK-001336,IMPORTADO_CERRADO,,
1359,legacy-csv-1514,3685138,CERRADO,HABILITADAS,RCK-001337,IMPORTADO_CERRADO,,
1360,legacy-csv-1515,3685139,CERRADO,HABILITADAS,RCK-001338,IMPORTADO_CERRADO,,
1361,legacy-csv-1516,3685140,CERRADO,HABILITADAS,RCK-001339,IMPORTADO_CERRADO,,
1362,legacy-csv-1517,3685440,CERRADO,HABILITADAS,RCK-001340,IMPORTADO_CERRADO,,
1363,legacy-csv-1518,3685441,CERRADO,HABILITADAS,RCK-001341,IMPORTADO_CERRADO,,
1364,legacy-csv-1519,3685442,CERRADO,HABILITADAS,RCK-001342,IMPORTADO_CERRADO,,
1365,legacy-csv-1520,3685443,CERRADO,HABILITADAS,RCK-001343,IMPORTADO_CERRADO,,
1366,legacy-csv-1521,3685708,CERRADO,HABILITADAS,RCK-001344,IMPORTADO_CERRADO,,
1367,legacy-csv-1522,3685709,CERRADO,HABILITADAS,RCK-001345,IMPORTADO_CERRADO,,
1368,legacy-csv-1523,3685710,CERRADO,HABILITADAS,RCK-001346,IMPORTADO_CERRADO,,
1369,legacy-csv-1524,3685737,CERRADO,HABILITADAS,RCK-001347,IMPORTADO_CERRADO,,
1370,legacy-csv-1525,3688844,CERRADO,HABILITADAS,RCK-001348,IMPORTADO_CERRADO,,
1371,legacy-csv-1526,3690453,CERRADO,HABILITADAS,RCK-001349,IMPORTADO_CERRADO,,
1372,legacy-csv-1527,3690454,CERRADO,HABILITADAS,RCK-001350,IMPORTADO_CERRADO,,
1373,legacy-csv-1528,3690455,CERRADO,HABILITADAS,RCK-001351,IMPORTADO_CERRADO,,
1374,legacy-csv-1529,3690456,CERRADO,HABILITADAS,RCK-001352,IMPORTADO_CERRADO,,
1375,legacy-csv-1530,3690457,CERRADO,HABILITADAS,RCK-001353,IMPORTADO_CERRADO,,
1376,legacy-csv-1531,3690458,CERRADO,HABILITADAS,RCK-001354,IMPORTADO_CERRADO,,
1377,legacy-csv-1532,3690459,CERRADO,HABILITADAS,RCK-001355,IMPORTADO_CERRADO,,
1378,legacy-csv-1533,3690572,CERRADO,HABILITADAS,RCK-001356,IMPORTADO_CERRADO,,
1379,legacy-csv-1534,3690578,CERRADO,HABILITADAS,RCK-001357,IMPORTADO_CERRADO,,
1380,legacy-csv-1535,3690582,CERRADO,HABILITADAS,RCK-001358,IMPORTADO_CERRADO,,
1381,legacy-csv-1536,3690584,CERRADO,HABILITADAS,RCK-001359,IMPORTADO_CERRADO,,
1382,legacy-csv-1537,3690586,CERRADO,HABILITADAS,RCK-001360,IMPORTADO_CERRADO,,
1383,legacy-csv-1538,3690590,CERRADO,HABILITADAS,RCK-001361,IMPORTADO_CERRADO,,
1384,legacy-csv-1539,3690592,CERRADO,HABILITADAS,RCK-001362,IMPORTADO_CERRADO,,
1385,legacy-csv-1540,3690595,CERRADO,HABILITADAS,RCK-001363,IMPORTADO_CERRADO,,
1386,legacy-csv-1541,3690601,CERRADO,HABILITADAS,RCK-001364,IMPORTADO_CERRADO,,
1387,legacy-csv-1542,3690607,CERRADO,HABILITADAS,RCK-001365,IMPORTADO_CERRADO,,
1388,legacy-csv-1543,3690859,CERRADO,HABILITADAS,RCK-001366,IMPORTADO_CERRADO,,
1389,legacy-csv-1544,3691228,CERRADO,HABILITADAS,RCK-001367,IMPORTADO_CERRADO,,
1390,legacy-csv-1545,3691229,CERRADO,HABILITADAS,RCK-001368,IMPORTADO_CERRADO,,
1391,legacy-csv-1546,3691416,CERRADO,HABILITADAS,RCK-001369,IMPORTADO_CERRADO,,
1392,legacy-csv-1547,3691418,CERRADO,HABILITADAS,RCK-001370,IMPORTADO_CERRADO,,
1393,legacy-csv-1548,3691677,CERRADO,HABILITADAS,RCK-001371,IMPORTADO_CERRADO,,
1394,legacy-csv-1549,3691678,CERRADO,HABILITADAS,RCK-001372,IMPORTADO_CERRADO,,
1395,legacy-csv-1550,3691679,CERRADO,HABILITADAS,RCK-001373,IMPORTADO_CERRADO,,
1396,legacy-csv-1551,3691686,CERRADO,HABILITADAS,RCK-001374,IMPORTADO_CERRADO,,
1397,legacy-csv-1552,3691687,CERRADO,HABILITADAS,RCK-001375,IMPORTADO_CERRADO,,
1398,legacy-csv-1553,3691698,CERRADO,HABILITADAS,RCK-001376,IMPORTADO_CERRADO,,
1399,legacy-csv-1554,3692044,CERRADO,HABILITADAS,RCK-001377,IMPORTADO_CERRADO,,
1400,legacy-csv-1555,3692047,CERRADO,HABILITADAS,RCK-001378,IMPORTADO_CERRADO,,
1401,legacy-csv-1556,3691983,CERRADO,HABILITADAS,RCK-001379,IMPORTADO_CERRADO,,Huecos no numericos ignorados: 63_64
1402,legacy-csv-1557,3692403,CERRADO,HABILITADAS,RCK-001380,IMPORTADO_CERRADO,,
1403,legacy-csv-1559,3692404,CERRADO,HABILITADAS,RCK-001381,IMPORTADO_CERRADO,,
1404,legacy-csv-1560,3692709,CERRADO,HABILITADAS,RCK-001382,IMPORTADO_CERRADO,,
1405,legacy-csv-1561,3692710,CERRADO,HABILITADAS,RCK-001383,IMPORTADO_CERRADO,,
1406,legacy-csv-1562,3692711,CERRADO,HABILITADAS,RCK-001384,IMPORTADO_CERRADO,,
1407,legacy-csv-1563,3692712,CERRADO,HABILITADAS,RCK-001385,IMPORTADO_CERRADO,,
1408,legacy-csv-1564,3692713,CERRADO,HABILITADAS,RCK-001386,IMPORTADO_CERRADO,,
1409,legacy-csv-1565,3692714,CERRADO,HABILITADAS,RCK-001387,IMPORTADO_CERRADO,,
1410,legacy-csv-1566,3692715,CERRADO,HABILITADAS,RCK-001388,IMPORTADO_CERRADO,,
1411,legacy-csv-1567,3692716,CERRADO,HABILITADAS,RCK-001389,IMPORTADO_CERRADO,,
1412,legacy-csv-1568,3692717,CERRADO,HABILITADAS,RCK-001390,IMPORTADO_CERRADO,,
1413,legacy-csv-1569,3692718,CERRADO,HABILITADAS,RCK-001391,IMPORTADO_CERRADO,,
1414,legacy-csv-1570,3692719,CERRADO,HABILITADAS,RCK-001392,IMPORTADO_CERRADO,,
1415,legacy-csv-1571,3692720,CERRADO,HABILITADAS,RCK-001393,IMPORTADO_CERRADO,,
1416,legacy-csv-1572,3692721,CERRADO,HABILITADAS,RCK-001394,IMPORTADO_CERRADO,,
1417,legacy-csv-1576,3692725,CERRADO,HABILITADAS,RCK-001395,IMPORTADO_CERRADO,,
1418,legacy-csv-1578,3692727,CERRADO,HABILITADAS,RCK-001396,IMPORTADO_CERRADO,,
1419,legacy-csv-1579,3692728,CERRADO,HABILITADAS,RCK-001397,IMPORTADO_CERRADO,,
1420,legacy-csv-1580,3693108,CERRADO,HABILITADAS,RCK-001398,IMPORTADO_CERRADO,,
1421,legacy-csv-1581,3693110,CERRADO,HABILITADAS,RCK-001399,IMPORTADO_CERRADO,,
1422,legacy-csv-1582,3693111,CERRADO,HABILITADAS,RCK-001400,IMPORTADO_CERRADO,,
1423,legacy-csv-1583,3693112,CERRADO,HABILITADAS,RCK-001401,IMPORTADO_CERRADO,,
1424,legacy-csv-1584,3693113,CERRADO,HABILITADAS,RCK-001402,IMPORTADO_CERRADO,,
1425,legacy-csv-1585,3693114,CERRADO,HABILITADAS,RCK-001403,IMPORTADO_CERRADO,,
1426,legacy-csv-1586,3693115,CERRADO,HABILITADAS,RCK-001404,IMPORTADO_CERRADO,,
1427,legacy-csv-1587,3693116,CERRADO,HABILITADAS,RCK-001405,IMPORTADO_CERRADO,,
1428,legacy-csv-1588,3693117,CERRADO,HABILITADAS,RCK-001406,IMPORTADO_CERRADO,,
1429,legacy-csv-1589,3693118,CERRADO,HABILITADAS,RCK-001407,IMPORTADO_CERRADO,,
1430,legacy-csv-1590,3693119,CERRADO,HABILITADAS,RCK-001408,IMPORTADO_CERRADO,,
1431,legacy-csv-1591,3693120,CERRADO,HABILITADAS,RCK-001409,IMPORTADO_CERRADO,,
1432,legacy-csv-1592,3693121,CERRADO,HABILITADAS,RCK-001410,IMPORTADO_CERRADO,,
1433,legacy-csv-1593,3693122,CERRADO,HABILITADAS,RCK-001411,IMPORTADO_CERRADO,,
1434,legacy-csv-1594,3693435,CERRADO,HABILITADAS,RCK-001412,IMPORTADO_CERRADO,,
1435,legacy-csv-1595,3693438,CERRADO,HABILITADAS,RCK-001413,IMPORTADO_CERRADO,,
1436,legacy-csv-1596,3693439,CERRADO,HABILITADAS,RCK-001414,IMPORTADO_CERRADO,,
1437,legacy-csv-1597,3693440,CERRADO,HABILITADAS,RCK-001415,IMPORTADO_CERRADO,,
1438,legacy-csv-1598,3693441,CERRADO,HABILITADAS,RCK-001416,IMPORTADO_CERRADO,,
1439,legacy-csv-1599,3693442,CERRADO,HABILITADAS,RCK-001417,IMPORTADO_CERRADO,,
1440,legacy-csv-1600,3693452,CERRADO,HABILITADAS,RCK-001418,IMPORTADO_CERRADO,,
1441,legacy-csv-1601,3693453,CERRADO,HABILITADAS,RCK-001419,IMPORTADO_CERRADO,,
1442,legacy-csv-1602,3693454,CERRADO,HABILITADAS,RCK-001420,IMPORTADO_CERRADO,,
1443,legacy-csv-1603,3693455,CERRADO,HABILITADAS,RCK-001421,IMPORTADO_CERRADO,,
1444,legacy-csv-1604,3693456,CERRADO,HABILITADAS,RCK-001422,IMPORTADO_CERRADO,,
1445,legacy-csv-1605,3693457,CERRADO,HABILITADAS,RCK-001423,IMPORTADO_CERRADO,,
1446,legacy-csv-1606,3693458,CERRADO,HABILITADAS,RCK-001424,IMPORTADO_CERRADO,,
1447,legacy-csv-1607,3693758,CERRADO,HABILITADAS,RCK-001425,IMPORTADO_CERRADO,,
1448,legacy-csv-1608,3693759,CERRADO,HABILITADAS,RCK-001426,IMPORTADO_CERRADO,,
1449,legacy-csv-1609,3694107,CERRADO,HABILITADAS,RCK-001427,IMPORTADO_CERRADO,,
1450,legacy-csv-1610,3694109,CERRADO,HABILITADAS,RCK-001428,IMPORTADO_CERRADO,,
1451,legacy-csv-1611,3694110,CERRADO,HABILITADAS,RCK-001429,IMPORTADO_CERRADO,,
1452,legacy-csv-1612,3694805,CERRADO,HABILITADAS,RCK-001430,IMPORTADO_CERRADO,,
1453,legacy-csv-1613,3694806,CERRADO,HABILITADAS,RCK-001431,IMPORTADO_CERRADO,,
1454,legacy-csv-1615,3694808,CERRADO,HABILITADAS,RCK-001432,IMPORTADO_CERRADO,,
1455,legacy-csv-1616,3695132,CERRADO,HABILITADAS,RCK-001433,IMPORTADO_CERRADO,,
1456,legacy-csv-1618,3695134,CERRADO,HABILITADAS,RCK-001434,IMPORTADO_CERRADO,,
1457,legacy-csv-1619,3695135,CERRADO,HABILITADAS,RCK-001435,IMPORTADO_CERRADO,,
1458,legacy-csv-1620,3695136,CERRADO,HABILITADAS,RCK-001436,IMPORTADO_CERRADO,,
1459,legacy-csv-1621,3695137,CERRADO,HABILITADAS,RCK-001437,IMPORTADO_CERRADO,,
1460,legacy-csv-1622,3695138,CERRADO,HABILITADAS,RCK-001438,IMPORTADO_CERRADO,,
1461,legacy-csv-1623,3695139,CERRADO,HABILITADAS,RCK-001439,IMPORTADO_CERRADO,,
1462,legacy-csv-1624,3695140,CERRADO,HABILITADAS,RCK-001440,IMPORTADO_CERRADO,,
1463,legacy-csv-1625,3695140,CERRADO,HABILITADAS,RCK-001441,IMPORTADO_CERRADO,,
1464,legacy-csv-1626,3695141,CERRADO,HABILITADAS,RCK-001442,IMPORTADO_CERRADO,,
1465,legacy-csv-1627,3695142,CERRADO,HABILITADAS,RCK-001443,IMPORTADO_CERRADO,,
1466,legacy-csv-1628,3695135,CERRADO,HABILITADAS,RCK-001444,IMPORTADO_CERRADO,,
1467,legacy-csv-1629,3695143,CERRADO,HABILITADAS,RCK-001445,IMPORTADO_CERRADO,,
1468,legacy-csv-1630,3695144,CERRADO,HABILITADAS,RCK-001446,IMPORTADO_CERRADO,,
1469,legacy-csv-1631,3695145,CERRADO,HABILITADAS,RCK-001447,IMPORTADO_CERRADO,,
1470,legacy-csv-1632,3695162,CERRADO,HABILITADAS,RCK-001448,IMPORTADO_CERRADO,,
1471,legacy-csv-1633,3695163,CERRADO,HABILITADAS,RCK-001449,IMPORTADO_CERRADO,,
1472,legacy-csv-1634,3695164,CERRADO,HABILITADAS,RCK-001450,IMPORTADO_CERRADO,,
1473,legacy-csv-1635,3695165,CERRADO,HABILITADAS,RCK-001451,IMPORTADO_CERRADO,,
1474,legacy-csv-1636,3695460,CERRADO,HABILITADAS,RCK-001452,IMPORTADO_CERRADO,,
1475,legacy-csv-1637,3695461,CERRADO,HABILITADAS,RCK-001453,IMPORTADO_CERRADO,,
1476,legacy-csv-1638,3695462,CERRADO,HABILITADAS,RCK-001454,IMPORTADO_CERRADO,,
1477,legacy-csv-1639,3695463,CERRADO,HABILITADAS,RCK-001455,IMPORTADO_CERRADO,,
1478,legacy-csv-1640,3696010,CERRADO,HABILITADAS,RCK-001456,IMPORTADO_CERRADO,,
1479,legacy-csv-1641,3696011,CERRADO,HABILITADAS,RCK-001457,IMPORTADO_CERRADO,,
1480,legacy-csv-1642,3696012,CERRADO,HABILITADAS,RCK-001458,IMPORTADO_CERRADO,,
1481,legacy-csv-1643,3696013,CERRADO,HABILITADAS,RCK-001459,IMPORTADO_CERRADO,,
1482,legacy-csv-1645,3696015,CERRADO,HABILITADAS,RCK-001460,IMPORTADO_CERRADO,,
1483,legacy-csv-1646,3696016,CERRADO,HABILITADAS,RCK-001461,IMPORTADO_CERRADO,,
1484,legacy-csv-1649,3696039,CERRADO,HABILITADAS,RCK-001462,IMPORTADO_CERRADO,,
1485,legacy-csv-1650,3696040,CERRADO,HABILITADAS,RCK-001463,IMPORTADO_CERRADO,,
1486,legacy-csv-1651,3696676,CERRADO,HABILITADAS,,ERROR_VALIDACION,No se pudo mapear cara. No se pudo mapear sector.,
1487,legacy-csv-1652,3696677,CERRADO,HABILITADAS,RCK-001464,IMPORTADO_CERRADO,,
1488,legacy-csv-1653,3696678,CERRADO,HABILITADAS,RCK-001465,IMPORTADO_CERRADO,,
1489,legacy-csv-1654,3696679,CERRADO,HABILITADAS,RCK-001466,IMPORTADO_CERRADO,,
1490,legacy-csv-1655,3696680,CERRADO,HABILITADAS,RCK-001467,IMPORTADO_CERRADO,,
1491,legacy-csv-1656,3696696,CERRADO,HABILITADAS,RCK-001468,IMPORTADO_CERRADO,,
1492,legacy-csv-1657,3696697,CERRADO,HABILITADAS,RCK-001469,IMPORTADO_CERRADO,,
1493,legacy-csv-1658,3696698,CERRADO,HABILITADAS,RCK-001470,IMPORTADO_CERRADO,,
1494,legacy-csv-1659,3696699,CERRADO,HABILITADAS,RCK-001471,IMPORTADO_CERRADO,,
1495,legacy-csv-1660,3696700,CERRADO,HABILITADAS,RCK-001472,IMPORTADO_CERRADO,,
1496,legacy-csv-1661,3696701,CERRADO,HABILITADAS,RCK-001473,IMPORTADO_CERRADO,,
1497,legacy-csv-1662,3696702,CERRADO,HABILITADAS,RCK-001474,IMPORTADO_CERRADO,,
1498,legacy-csv-1663,3696992,CERRADO,HABILITADAS,RCK-001475,IMPORTADO_CERRADO,,
1499,legacy-csv-1664,3696993,CERRADO,HABILITADAS,RCK-001476,IMPORTADO_CERRADO,,
1500,legacy-csv-1665,3696994,CERRADO,HABILITADAS,RCK-001477,IMPORTADO_CERRADO,,
1501,legacy-csv-1667,3696996,CERRADO,HABILITADAS,RCK-001478,IMPORTADO_CERRADO,,
1502,legacy-csv-1668,3696997,CERRADO,HABILITADAS,RCK-001479,IMPORTADO_CERRADO,,
1503,legacy-csv-1669,3697000,CERRADO,HABILITADAS,RCK-001480,IMPORTADO_CERRADO,,
1504,legacy-csv-1670,3697001,CERRADO,HABILITADAS,RCK-001481,IMPORTADO_CERRADO,,
1505,legacy-csv-1671,3697002,CERRADO,HABILITADAS,RCK-001482,IMPORTADO_CERRADO,,
1506,legacy-csv-1672,3697003,CERRADO,HABILITADAS,RCK-001483,IMPORTADO_CERRADO,,
1507,legacy-csv-1674,3697234,CERRADO,HABILITADAS,RCK-001484,IMPORTADO_CERRADO,,
1508,legacy-csv-1675,3697237,CERRADO,HABILITADAS,RCK-001485,IMPORTADO_CERRADO,,
1509,legacy-csv-1676,3697238,CERRADO,HABILITADAS,RCK-001486,IMPORTADO_CERRADO,,
1510,legacy-csv-1677,3697559,CERRADO,HABILITADAS,RCK-001487,IMPORTADO_CERRADO,,
1511,legacy-csv-1678,3697560,CERRADO,HABILITADAS,RCK-001488,IMPORTADO_CERRADO,,
1512,legacy-csv-1679,3697561,CERRADO,HABILITADAS,RCK-001489,IMPORTADO_CERRADO,,
1513,legacy-csv-1680,3697947,CERRADO,HABILITADAS,RCK-001490,IMPORTADO_CERRADO,,
1514,legacy-csv-1681,3697948,CERRADO,HABILITADAS,RCK-001491,IMPORTADO_CERRADO,,
1515,legacy-csv-1682,3697949,CERRADO,HABILITADAS,RCK-001492,IMPORTADO_CERRADO,,
1516,legacy-csv-1683,3697950,CERRADO,HABILITADAS,RCK-001493,IMPORTADO_CERRADO,,
1517,legacy-csv-1684,3697951,CERRADO,HABILITADAS,RCK-001494,IMPORTADO_CERRADO,,
1518,legacy-csv-1685,3697952,CERRADO,HABILITADAS,RCK-001495,IMPORTADO_CERRADO,,
1519,legacy-csv-1686,3697953,CERRADO,HABILITADAS,RCK-001496,IMPORTADO_CERRADO,,
1520,legacy-csv-1687,3697954,CERRADO,HABILITADAS,RCK-001497,IMPORTADO_CERRADO,,
1521,legacy-csv-1688,3697955,CERRADO,HABILITADAS,RCK-001498,IMPORTADO_CERRADO,,
1522,legacy-csv-1689,3697964,CERRADO,HABILITADAS,RCK-001499,IMPORTADO_CERRADO,,
1523,legacy-csv-1690,3697965,CERRADO,HABILITADAS,RCK-001500,IMPORTADO_CERRADO,,
1524,legacy-csv-1691,3697966,CERRADO,HABILITADAS,RCK-001501,IMPORTADO_CERRADO,,
1525,legacy-csv-1692,3697967,CERRADO,HABILITADAS,RCK-001502,IMPORTADO_CERRADO,,
1526,legacy-csv-1693,3697968,CERRADO,HABILITADAS,RCK-001503,IMPORTADO_CERRADO,,
1527,legacy-csv-1694,3698311,CERRADO,HABILITADAS,RCK-001504,IMPORTADO_CERRADO,,
1528,legacy-csv-1695,3698312,CERRADO,HABILITADAS,RCK-001505,IMPORTADO_CERRADO,,
1529,legacy-csv-1696,3698313,CERRADO,HABILITADAS,RCK-001506,IMPORTADO_CERRADO,,
1530,legacy-csv-1697,3698314,CERRADO,HABILITADAS,RCK-001507,IMPORTADO_CERRADO,,
1531,legacy-csv-1699,3698630,CERRADO,HABILITADAS,RCK-001508,IMPORTADO_CERRADO,,
1532,legacy-csv-1700,3698631,CERRADO,HABILITADAS,RCK-001509,IMPORTADO_CERRADO,,
1533,legacy-csv-1701,3698632,CERRADO,HABILITADAS,RCK-001510,IMPORTADO_CERRADO,,
1534,legacy-csv-1702,3698633,CERRADO,HABILITADAS,RCK-001511,IMPORTADO_CERRADO,,
1535,legacy-csv-1704,3698635,CERRADO,HABILITADAS,RCK-001512,IMPORTADO_CERRADO,,
1536,legacy-csv-1705,3700915,CERRADO,HABILITADAS,RCK-001513,IMPORTADO_CERRADO,,
1537,legacy-csv-1706,3700916,CERRADO,HABILITADAS,RCK-001514,IMPORTADO_CERRADO,,
1538,legacy-csv-1707,3700917,CERRADO,HABILITADAS,RCK-001515,IMPORTADO_CERRADO,,
1539,legacy-csv-1708,3702135,CERRADO,HABILITADAS,RCK-001516,IMPORTADO_CERRADO,,
1540,legacy-csv-1709,3702136,CERRADO,HABILITADAS,RCK-001517,IMPORTADO_CERRADO,,
1541,legacy-csv-1710,3702137,CERRADO,HABILITADAS,RCK-001518,IMPORTADO_CERRADO,,
1542,legacy-csv-1712,3702139,CERRADO,HABILITADAS,RCK-001519,IMPORTADO_CERRADO,,
1543,legacy-csv-1713,3702142,CERRADO,HABILITADAS,RCK-001520,IMPORTADO_CERRADO,,
1544,legacy-csv-1714,3702143,CERRADO,HABILITADAS,RCK-001521,IMPORTADO_CERRADO,,
1545,legacy-csv-1716,3702144,CERRADO,HABILITADAS,RCK-001522,IMPORTADO_CERRADO,,
1546,legacy-csv-1717,3702145,CERRADO,HABILITADAS,RCK-001523,IMPORTADO_CERRADO,,
1547,legacy-csv-1718,3702146,CERRADO,HABILITADAS,RCK-001524,IMPORTADO_CERRADO,,
1548,legacy-csv-1720,3702824,CERRADO,HABILITADAS,RCK-001525,IMPORTADO_CERRADO,,
1549,legacy-csv-1721,3702825,CERRADO,HABILITADAS,RCK-001526,IMPORTADO_CERRADO,,
1550,legacy-csv-1722,3702826,CERRADO,HABILITADAS,RCK-001527,IMPORTADO_CERRADO,,
1551,legacy-csv-1723,3702827,CERRADO,HABILITADAS,RCK-001528,IMPORTADO_CERRADO,,
1552,legacy-csv-1724,3702828,CERRADO,HABILITADAS,RCK-001529,IMPORTADO_CERRADO,,
1553,legacy-csv-1725,3702829,CERRADO,HABILITADAS,RCK-001530,IMPORTADO_CERRADO,,
1554,legacy-csv-1726,3704064,CERRADO,HABILITADAS,RCK-001531,IMPORTADO_CERRADO,,
1555,legacy-csv-1727,3704065,CERRADO,HABILITADAS,RCK-001532,IMPORTADO_CERRADO,,
1556,legacy-csv-1728,3704066,CERRADO,HABILITADAS,RCK-001533,IMPORTADO_CERRADO,,
1557,legacy-csv-1730,3704068,CERRADO,HABILITADAS,RCK-001534,IMPORTADO_CERRADO,,
1558,legacy-csv-1731,3704962,CERRADO,HABILITADAS,RCK-001535,IMPORTADO_CERRADO,,
1559,legacy-csv-1732,3704963,CERRADO,HABILITADAS,RCK-001536,IMPORTADO_CERRADO,,
1560,legacy-csv-1733,3704964,CERRADO,HABILITADAS,RCK-001537,IMPORTADO_CERRADO,,
1561,legacy-csv-1734,3704965,CERRADO,HABILITADAS,RCK-001538,IMPORTADO_CERRADO,,
1562,legacy-csv-1735,3704966,CERRADO,HABILITADAS,RCK-001539,IMPORTADO_CERRADO,,
1563,legacy-csv-1736,3705902,CERRADO,HABILITADAS,RCK-001540,IMPORTADO_CERRADO,,
1564,legacy-csv-1737,3706654,CERRADO,HABILITADAS,RCK-001541,IMPORTADO_CERRADO,,
1565,legacy-csv-1738,3706655,CERRADO,HABILITADAS,RCK-001542,IMPORTADO_CERRADO,,
1566,legacy-csv-1739,3706656,CERRADO,HABILITADAS,RCK-001543,IMPORTADO_CERRADO,,
1567,legacy-csv-1740,3706657,CERRADO,HABILITADAS,RCK-001544,IMPORTADO_CERRADO,,
1568,legacy-csv-1741,3706658,CERRADO,HABILITADAS,RCK-001545,IMPORTADO_CERRADO,,
1569,legacy-csv-1742,3706659,CERRADO,HABILITADAS,RCK-001546,IMPORTADO_CERRADO,,
1570,legacy-csv-1743,3706660,CERRADO,HABILITADAS,RCK-001547,IMPORTADO_CERRADO,,
1571,legacy-csv-1744,3706661,CERRADO,HABILITADAS,RCK-001548,IMPORTADO_CERRADO,,
1572,legacy-csv-1745,3706662,CERRADO,HABILITADAS,RCK-001549,IMPORTADO_CERRADO,,
1573,legacy-csv-1746,3706990,CERRADO,HABILITADAS,RCK-001550,IMPORTADO_CERRADO,,
1574,legacy-csv-1747,3706989,CERRADO,HABILITADAS,RCK-001551,IMPORTADO_CERRADO,,
1575,legacy-csv-1748,3707269,CERRADO,HABILITADAS,RCK-001552,IMPORTADO_CERRADO,,
1576,legacy-csv-1749,3707585,CERRADO,HABILITADAS,RCK-001553,IMPORTADO_CERRADO,,
1577,legacy-csv-1750,3707586,CERRADO,HABILITADAS,RCK-001554,IMPORTADO_CERRADO,,
1578,legacy-csv-1751,3707587,CERRADO,HABILITADAS,RCK-001555,IMPORTADO_CERRADO,,
1579,legacy-csv-1752,3707588,CERRADO,HABILITADAS,RCK-001556,IMPORTADO_CERRADO,,
1580,legacy-csv-1754,3707590,CERRADO,HABILITADAS,RCK-001557,IMPORTADO_CERRADO,,
1581,legacy-csv-1755,3707591,CERRADO,HABILITADAS,RCK-001558,IMPORTADO_CERRADO,,
1582,legacy-csv-1756,3707592,CERRADO,HABILITADAS,RCK-001559,IMPORTADO_CERRADO,,
1583,legacy-csv-1757,3707593,CERRADO,HABILITADAS,RCK-001560,IMPORTADO_CERRADO,,
1584,legacy-csv-1758,3707595,CERRADO,HABILITADAS,RCK-001561,IMPORTADO_CERRADO,,
1585,legacy-csv-1759,3707596,CERRADO,HABILITADAS,RCK-001562,IMPORTADO_CERRADO,,
1586,legacy-csv-1760,3707597,CERRADO,HABILITADAS,RCK-001563,IMPORTADO_CERRADO,,
1587,legacy-csv-1761,3707598,CERRADO,HABILITADAS,RCK-001564,IMPORTADO_CERRADO,,
1588,legacy-csv-1763,3707600,CERRADO,HABILITADAS,RCK-001565,IMPORTADO_CERRADO,,
1589,legacy-csv-1764,3708147,CERRADO,HABILITADAS,RCK-001566,IMPORTADO_CERRADO,,
1590,legacy-csv-1765,3708148,CERRADO,HABILITADAS,RCK-001567,IMPORTADO_CERRADO,,
1591,legacy-csv-1766,3708149,CERRADO,HABILITADAS,RCK-001568,IMPORTADO_CERRADO,,
1592,legacy-csv-1767,3708150,CERRADO,HABILITADAS,RCK-001569,IMPORTADO_CERRADO,,
1593,legacy-csv-1768,3708151,CERRADO,HABILITADAS,RCK-001570,IMPORTADO_CERRADO,,
1594,legacy-csv-1769,3708152,CERRADO,HABILITADAS,RCK-001571,IMPORTADO_CERRADO,,
1595,legacy-csv-1770,3708153,CERRADO,HABILITADAS,RCK-001572,IMPORTADO_CERRADO,,
1596,legacy-csv-1771,3708154,CERRADO,HABILITADAS,RCK-001573,IMPORTADO_CERRADO,,
1597,legacy-csv-1772,3708155,CERRADO,HABILITADAS,RCK-001574,IMPORTADO_CERRADO,,
1598,legacy-csv-1773,3708507,CERRADO,HABILITADAS,RCK-001575,IMPORTADO_CERRADO,,
1599,legacy-csv-1774,3708508,CERRADO,HABILITADAS,RCK-001576,IMPORTADO_CERRADO,,
1600,legacy-csv-1775,3708509,CERRADO,HABILITADAS,RCK-001577,IMPORTADO_CERRADO,,
1601,legacy-csv-1776,3708510,CERRADO,HABILITADAS,RCK-001578,IMPORTADO_CERRADO,,
1602,legacy-csv-1777,3708827,CERRADO,HABILITADAS,RCK-001579,IMPORTADO_CERRADO,,
1603,legacy-csv-1778,3708828,CERRADO,HABILITADAS,RCK-001580,IMPORTADO_CERRADO,,
1604,legacy-csv-1779,3708829,CERRADO,HABILITADAS,RCK-001581,IMPORTADO_CERRADO,,
1605,legacy-csv-1780,3709211,CERRADO,HABILITADAS,RCK-001582,IMPORTADO_CERRADO,,
1606,legacy-csv-1781,3709212,CERRADO,HABILITADAS,RCK-001583,IMPORTADO_CERRADO,,
1607,legacy-csv-1782,3709213,CERRADO,HABILITADAS,RCK-001584,IMPORTADO_CERRADO,,
1608,legacy-csv-1783,3709214,CERRADO,HABILITADAS,RCK-001585,IMPORTADO_CERRADO,,
1609,legacy-csv-1784,3709215,CERRADO,HABILITADAS,RCK-001586,IMPORTADO_CERRADO,,
1610,legacy-csv-1785,3709216,CERRADO,HABILITADAS,RCK-001587,IMPORTADO_CERRADO,,
1611,legacy-csv-1786,3709217,CERRADO,HABILITADAS,RCK-001588,IMPORTADO_CERRADO,,
1612,legacy-csv-1787,3709219,CERRADO,HABILITADAS,RCK-001589,IMPORTADO_CERRADO,,
1613,legacy-csv-1788,3709220,CERRADO,HABILITADAS,RCK-001590,IMPORTADO_CERRADO,,
1614,legacy-csv-1789,3709221,CERRADO,HABILITADAS,RCK-001591,IMPORTADO_CERRADO,,
1615,legacy-csv-1790,3709222,CERRADO,HABILITADAS,RCK-001592,IMPORTADO_CERRADO,,
1616,legacy-csv-1791,3709223,CERRADO,HABILITADAS,RCK-001593,IMPORTADO_CERRADO,,
1617,legacy-csv-1792,3709581,CERRADO,HABILITADAS,RCK-001594,IMPORTADO_CERRADO,,Niveles invalidos ignorados: 2
1618,legacy-csv-1793,3709582,CERRADO,HABILITADAS,,ERROR_VALIDACION,Falta nivel.,Niveles invalidos ignorados: 2
1619,legacy-csv-1794,3709583,CERRADO,HABILITADAS,,ERROR_VALIDACION,Falta nivel.,Niveles invalidos ignorados: 2
1620,legacy-csv-1795,3709584,CERRADO,HABILITADAS,,ERROR_VALIDACION,Falta nivel.,Niveles invalidos ignorados: 3
1621,legacy-csv-1796,3709585,CERRADO,HABILITADAS,,ERROR_VALIDACION,Falta nivel.,Niveles invalidos ignorados: 4
1622,legacy-csv-1797,3709586,CERRADO,HABILITADAS,,ERROR_VALIDACION,Falta nivel.,Niveles invalidos ignorados: 4
1623,legacy-csv-1798,3709587,CERRADO,HABILITADAS,,ERROR_VALIDACION,Falta nivel.,Niveles invalidos ignorados: 4
1624,legacy-csv-1799,3709588,CERRADO,HABILITADAS,RCK-001595,IMPORTADO_CERRADO,,Niveles invalidos ignorados: 2
1625,legacy-csv-1800,3709589,CERRADO,HABILITADAS,,ERROR_VALIDACION,Falta nivel.,"Niveles invalidos ignorados: 4, 7"
1626,legacy-csv-1801,3709602,CERRADO,HABILITADAS,RCK-001596,IMPORTADO_CERRADO,,
1627,legacy-csv-1802,3709986,CERRADO,HABILITADAS,RCK-001597,IMPORTADO_CERRADO,,
1628,legacy-csv-1803,3709987,CERRADO,HABILITADAS,RCK-001598,IMPORTADO_CERRADO,,
1629,legacy-csv-1804,3709988,CERRADO,HABILITADAS,RCK-001599,IMPORTADO_CERRADO,,
1630,legacy-csv-1805,3709989,CERRADO,HABILITADAS,RCK-001600,IMPORTADO_CERRADO,,
1631,legacy-csv-1806,3709990,CERRADO,HABILITADAS,RCK-001601,IMPORTADO_CERRADO,,
1632,legacy-csv-1812,3710683,CERRADO,HABILITADAS,RCK-001602,IMPORTADO_CERRADO,,
1633,legacy-csv-1813,3710684,CERRADO,HABILITADAS,RCK-001603,IMPORTADO_CERRADO,,
1634,legacy-csv-1814,3710685,CERRADO,HABILITADAS,RCK-001604,IMPORTADO_CERRADO,,
1635,legacy-csv-1815,3710686,CERRADO,HABILITADAS,RCK-001605,IMPORTADO_CERRADO,,
1636,legacy-csv-1816,3710687,CERRADO,HABILITADAS,RCK-001606,IMPORTADO_CERRADO,,
1637,legacy-csv-1817,3710688,CERRADO,HABILITADAS,RCK-001607,IMPORTADO_CERRADO,,
1638,legacy-csv-1818,3710689,CERRADO,HABILITADAS,RCK-001608,IMPORTADO_CERRADO,,
1639,legacy-csv-1819,3710690,CERRADO,HABILITADAS,RCK-001609,IMPORTADO_CERRADO,,
1640,legacy-csv-1821,3710692,CERRADO,HABILITADAS,RCK-001610,IMPORTADO_CERRADO,,
1641,legacy-csv-1822,3710693,CERRADO,HABILITADAS,RCK-001611,IMPORTADO_CERRADO,,
1642,legacy-csv-1824,3711482,CERRADO,HABILITADAS,RCK-001612,IMPORTADO_CERRADO,,
1643,legacy-csv-1825,3711483,CERRADO,HABILITADAS,RCK-001613,IMPORTADO_CERRADO,,
1644,legacy-csv-1826,3711484,CERRADO,HABILITADAS,RCK-001614,IMPORTADO_CERRADO,,
1645,legacy-csv-1827,3711485,CERRADO,HABILITADAS,RCK-001615,IMPORTADO_CERRADO,,
1646,legacy-csv-1828,3711486,CERRADO,HABILITADAS,RCK-001616,IMPORTADO_CERRADO,,
1647,legacy-csv-1830,3711488,CERRADO,HABILITADAS,RCK-001617,IMPORTADO_CERRADO,,
1648,legacy-csv-1831,3711489,CERRADO,HABILITADAS,RCK-001618,IMPORTADO_CERRADO,,
1649,legacy-csv-1832,3711490,CERRADO,HABILITADAS,RCK-001619,IMPORTADO_CERRADO,,
1650,legacy-csv-1833,3711491,CERRADO,HABILITADAS,RCK-001620,IMPORTADO_CERRADO,,
1651,legacy-csv-1834,3711492,CERRADO,HABILITADAS,RCK-001621,IMPORTADO_CERRADO,,
1652,legacy-csv-1836,3711516,CERRADO,HABILITADAS,RCK-001622,IMPORTADO_CERRADO,,
1653,legacy-csv-1837,3711517,CERRADO,HABILITADAS,RCK-001623,IMPORTADO_CERRADO,,
1654,legacy-csv-1838,3711518,CERRADO,HABILITADAS,RCK-001624,IMPORTADO_CERRADO,,
1655,legacy-csv-1839,3711519,CERRADO,HABILITADAS,RCK-001625,IMPORTADO_CERRADO,,
1656,legacy-csv-1840,3711520,CERRADO,HABILITADAS,RCK-001626,IMPORTADO_CERRADO,,
1657,legacy-csv-1841,3711866,CERRADO,HABILITADAS,RCK-001627,IMPORTADO_CERRADO,,
1658,legacy-csv-1845,3711870,CERRADO,HABILITADAS,RCK-001628,IMPORTADO_CERRADO,,
1659,legacy-csv-1846,3711871,CERRADO,HABILITADAS,RCK-001629,IMPORTADO_CERRADO,,
1660,legacy-csv-1848,3712203,CERRADO,HABILITADAS,RCK-001630,IMPORTADO_CERRADO,,
1661,legacy-csv-1849,3712204,CERRADO,HABILITADAS,RCK-001631,IMPORTADO_CERRADO,,
1662,legacy-csv-1855,3712210,CERRADO,HABILITADAS,RCK-001632,IMPORTADO_CERRADO,,
1663,legacy-csv-1858,3712213,CERRADO,HABILITADAS,RCK-001633,IMPORTADO_CERRADO,,
1664,legacy-csv-1859,3712214,CERRADO,HABILITADAS,RCK-001634,IMPORTADO_CERRADO,,
1665,legacy-csv-1860,3712215,CERRADO,HABILITADAS,RCK-001635,IMPORTADO_CERRADO,,
1666,legacy-csv-1862,3712736,CERRADO,HABILITADAS,RCK-001636,IMPORTADO_CERRADO,,
1667,legacy-csv-1863,3712737,CERRADO,HABILITADAS,RCK-001637,IMPORTADO_CERRADO,,
1668,legacy-csv-1864,3712738,CERRADO,HABILITADAS,RCK-001638,IMPORTADO_CERRADO,,
1669,legacy-csv-1865,3712739,CERRADO,HABILITADAS,RCK-001639,IMPORTADO_CERRADO,,
1670,legacy-csv-1867,3713079,CERRADO,HABILITADAS,RCK-001640,IMPORTADO_CERRADO,,
1671,legacy-csv-1868,3713080,CERRADO,HABILITADAS,RCK-001641,IMPORTADO_CERRADO,,
1672,legacy-csv-1869,3713081,CERRADO,HABILITADAS,RCK-001642,IMPORTADO_CERRADO,,
1673,legacy-csv-1870,3713082,CERRADO,HABILITADAS,RCK-001643,IMPORTADO_CERRADO,,
1674,legacy-csv-1871,3713083,CERRADO,HABILITADAS,RCK-001644,IMPORTADO_CERRADO,,
1675,legacy-csv-1872,3713084,CERRADO,HABILITADAS,RCK-001645,IMPORTADO_CERRADO,,
1676,legacy-csv-1873,3713085,CERRADO,HABILITADAS,RCK-001646,IMPORTADO_CERRADO,,
1677,legacy-csv-1874,3713086,CERRADO,HABILITADAS,RCK-001647,IMPORTADO_CERRADO,,
1678,legacy-csv-1875,3713087,CERRADO,HABILITADAS,RCK-001648,IMPORTADO_CERRADO,,
1679,legacy-csv-1876,3713088,CERRADO,HABILITADAS,RCK-001649,IMPORTADO_CERRADO,,
1680,legacy-csv-1879,3713091,CERRADO,HABILITADAS,RCK-001650,IMPORTADO_CERRADO,,
1681,legacy-csv-1880,3713092,CERRADO,HABILITADAS,RCK-001651,IMPORTADO_CERRADO,,
1682,legacy-csv-1881,3713093,CERRADO,HABILITADAS,RCK-001652,IMPORTADO_CERRADO,,
1683,legacy-csv-1882,3713094,CERRADO,HABILITADAS,RCK-001653,IMPORTADO_CERRADO,,
1684,legacy-csv-1883,3713095,CERRADO,HABILITADAS,RCK-001654,IMPORTADO_CERRADO,,
1685,legacy-csv-1884,3717157,CERRADO,HABILITADAS,RCK-001655,IMPORTADO_CERRADO,,
1686,legacy-csv-1885,3717158,CERRADO,HABILITADAS,RCK-001656,IMPORTADO_CERRADO,,
1687,legacy-csv-1886,3717159,CERRADO,HABILITADAS,RCK-001657,IMPORTADO_CERRADO,,
1688,legacy-csv-1887,3717160,CERRADO,HABILITADAS,RCK-001658,IMPORTADO_CERRADO,,
1689,legacy-csv-1888,3717161,CERRADO,HABILITADAS,RCK-001659,IMPORTADO_CERRADO,,
1690,legacy-csv-1889,3717441,CERRADO,HABILITADAS,RCK-001660,IMPORTADO_CERRADO,,
1691,legacy-csv-1890,3717442,CERRADO,HABILITADAS,RCK-001661,IMPORTADO_CERRADO,,
1692,legacy-csv-1891,3717443,CERRADO,HABILITADAS,RCK-001662,IMPORTADO_CERRADO,,
1693,legacy-csv-1892,3717444,CERRADO,HABILITADAS,RCK-001663,IMPORTADO_CERRADO,,
1694,legacy-csv-1893,3717445,CERRADO,HABILITADAS,RCK-001664,IMPORTADO_CERRADO,,
1695,legacy-csv-1894,3717446,CERRADO,HABILITADAS,RCK-001665,IMPORTADO_CERRADO,,
1696,legacy-csv-1895,3717447,CERRADO,HABILITADAS,RCK-001666,IMPORTADO_CERRADO,,
1697,legacy-csv-1896,3717448,CERRADO,HABILITADAS,RCK-001667,IMPORTADO_CERRADO,,
1698,legacy-csv-1898,3717463,CERRADO,HABILITADAS,RCK-001668,IMPORTADO_CERRADO,,
1699,legacy-csv-1899,3717464,CERRADO,HABILITADAS,RCK-001669,IMPORTADO_CERRADO,,
1700,legacy-csv-1900,3717465,CERRADO,HABILITADAS,RCK-001670,IMPORTADO_CERRADO,,
1701,legacy-csv-1901,3717466,CERRADO,HABILITADAS,RCK-001671,IMPORTADO_CERRADO,,
1702,legacy-csv-1902,3717887,CERRADO,HABILITADAS,RCK-001672,IMPORTADO_CERRADO,,
1703,legacy-csv-1903,3717888,CERRADO,HABILITADAS,RCK-001673,IMPORTADO_CERRADO,,
1704,legacy-csv-1904,3717889,CERRADO,HABILITADAS,RCK-001674,IMPORTADO_CERRADO,,
1705,legacy-csv-1905,3717890,CERRADO,HABILITADAS,RCK-001675,IMPORTADO_CERRADO,,
1706,legacy-csv-1906,3718408,CERRADO,HABILITADAS,RCK-001676,IMPORTADO_CERRADO,,
1707,legacy-csv-1907,3718409,CERRADO,HABILITADAS,RCK-001677,IMPORTADO_CERRADO,,
1708,legacy-csv-1908,3718410,CERRADO,HABILITADAS,RCK-001678,IMPORTADO_CERRADO,,
1709,legacy-csv-1909,3718411,CERRADO,HABILITADAS,RCK-001679,IMPORTADO_CERRADO,,
1710,legacy-csv-1910,3718412,CERRADO,HABILITADAS,RCK-001680,IMPORTADO_CERRADO,,
1711,legacy-csv-1911,3718413,CERRADO,HABILITADAS,RCK-001681,IMPORTADO_CERRADO,,
1712,legacy-csv-1912,3718414,CERRADO,HABILITADAS,RCK-001682,IMPORTADO_CERRADO,,
1713,legacy-csv-1913,3718415,CERRADO,HABILITADAS,,ERROR_VALIDACION,No se pudo mapear sector.,
1714,legacy-csv-1914,3718760,CERRADO,HABILITADAS,RCK-001683,IMPORTADO_CERRADO,,
1715,legacy-csv-1915,3718761,CERRADO,HABILITADAS,RCK-001684,IMPORTADO_CERRADO,,
1716,legacy-csv-1916,3718762,CERRADO,HABILITADAS,RCK-001685,IMPORTADO_CERRADO,,
1717,legacy-csv-1917,3718763,CERRADO,HABILITADAS,RCK-001686,IMPORTADO_CERRADO,,
1718,legacy-csv-1919,3719021,CERRADO,HABILITADAS,RCK-001687,IMPORTADO_CERRADO,,
1719,legacy-csv-1920,3719022,CERRADO,HABILITADAS,RCK-001688,IMPORTADO_CERRADO,,
1720,legacy-csv-1921,3719023,CERRADO,HABILITADAS,RCK-001689,IMPORTADO_CERRADO,,
1721,legacy-csv-1922,3719029,CERRADO,HABILITADAS,RCK-001690,IMPORTADO_CERRADO,,
1722,legacy-csv-1923,3719311,CERRADO,HABILITADAS,RCK-001691,IMPORTADO_CERRADO,,
1723,legacy-csv-1924,3719312,CERRADO,HABILITADAS,RCK-001692,IMPORTADO_CERRADO,,
1724,legacy-csv-1925,3719313,CERRADO,HABILITADAS,RCK-001693,IMPORTADO_CERRADO,,
1725,legacy-csv-1926,3719314,CERRADO,HABILITADAS,RCK-001694,IMPORTADO_CERRADO,,
1726,legacy-csv-1927,3719315,CERRADO,HABILITADAS,RCK-001695,IMPORTADO_CERRADO,,
1727,legacy-csv-1928,3719316,CERRADO,HABILITADAS,,SKIP_MAL_CARGADO,,
1728,legacy-csv-1929,3719317,CERRADO,HABILITADAS,RCK-001696,IMPORTADO_CERRADO,,
1729,legacy-csv-1930,3719623,CERRADO,HABILITADAS,RCK-001697,IMPORTADO_CERRADO,,
1730,legacy-csv-1931,3719624,CERRADO,HABILITADAS,RCK-001698,IMPORTADO_CERRADO,,
1731,legacy-csv-1932,3719625,CERRADO,HABILITADAS,RCK-001699,IMPORTADO_CERRADO,,
1732,legacy-csv-1933,3719626,CERRADO,HABILITADAS,RCK-001700,IMPORTADO_CERRADO,,
1733,legacy-csv-1934,3719627,CERRADO,HABILITADAS,RCK-001701,IMPORTADO_CERRADO,,
1734,legacy-csv-1935,3719628,CERRADO,HABILITADAS,RCK-001702,IMPORTADO_CERRADO,,
1735,legacy-csv-1936,3719629,CERRADO,HABILITADAS,RCK-001703,IMPORTADO_CERRADO,,
1736,legacy-csv-1937,3719630,CERRADO,HABILITADAS,RCK-001704,IMPORTADO_CERRADO,,
1737,legacy-csv-1938,3719631,CERRADO,HABILITADAS,RCK-001705,IMPORTADO_CERRADO,,
1738,legacy-csv-1939,3719632,CERRADO,HABILITADAS,RCK-001706,IMPORTADO_CERRADO,,
1739,legacy-csv-1940,3719633,CERRADO,HABILITADAS,RCK-001707,IMPORTADO_CERRADO,,
1740,legacy-csv-1941,3719634,CERRADO,HABILITADAS,RCK-001708,IMPORTADO_CERRADO,,
1741,legacy-csv-1942,3719931,CERRADO,HABILITADAS,RCK-001709,IMPORTADO_CERRADO,,
1742,legacy-csv-1943,3719932,CERRADO,HABILITADAS,RCK-001710,IMPORTADO_CERRADO,,
1743,legacy-csv-1945,3719934,CERRADO,HABILITADAS,RCK-001711,IMPORTADO_CERRADO,,
1744,legacy-csv-1946,3719935,CERRADO,HABILITADAS,RCK-001712,IMPORTADO_CERRADO,,
1745,legacy-csv-1947,3719936,CERRADO,HABILITADAS,RCK-001713,IMPORTADO_CERRADO,,
1746,legacy-csv-1948,3719937,CERRADO,HABILITADAS,RCK-001714,IMPORTADO_CERRADO,,
1747,legacy-csv-1949,3720233,CERRADO,HABILITADAS,RCK-001715,IMPORTADO_CERRADO,,
1748,legacy-csv-1950,3720234,CERRADO,HABILITADAS,RCK-001716,IMPORTADO_CERRADO,,
1749,legacy-csv-1951,3720235,CERRADO,HABILITADAS,RCK-001717,IMPORTADO_CERRADO,,
1750,legacy-csv-1952,3720236,CERRADO,HABILITADAS,RCK-001718,IMPORTADO_CERRADO,,
1751,legacy-csv-1953,3720237,CERRADO,HABILITADAS,RCK-001719,IMPORTADO_CERRADO,,
1752,legacy-csv-1954,3720238,CERRADO,HABILITADAS,RCK-001720,IMPORTADO_CERRADO,,
1753,legacy-csv-1955,3720772,CERRADO,HABILITADAS,RCK-001721,IMPORTADO_CERRADO,,
1754,legacy-csv-1956,3720773,CERRADO,HABILITADAS,RCK-001722,IMPORTADO_CERRADO,,
1755,legacy-csv-1958,3720775,CERRADO,HABILITADAS,RCK-001723,IMPORTADO_CERRADO,,
1756,legacy-csv-1959,3720776,CERRADO,HABILITADAS,RCK-001724,IMPORTADO_CERRADO,,
1757,legacy-csv-1961,3721397,CERRADO,HABILITADAS,RCK-001725,IMPORTADO_CERRADO,,
1758,legacy-csv-1962,3721398,CERRADO,HABILITADAS,RCK-001726,IMPORTADO_CERRADO,,
1759,legacy-csv-1963,3721673,CERRADO,HABILITADAS,RCK-001727,IMPORTADO_CERRADO,,
1760,legacy-csv-1965,3721675,CERRADO,HABILITADAS,RCK-001728,IMPORTADO_CERRADO,,
1761,legacy-csv-1966,3721676,CERRADO,HABILITADAS,RCK-001729,IMPORTADO_CERRADO,,
1762,legacy-csv-1967,3722074,CERRADO,HABILITADAS,RCK-001730,IMPORTADO_CERRADO,,
1763,legacy-csv-1968,3722075,CERRADO,HABILITADAS,RCK-001731,IMPORTADO_CERRADO,,
1764,legacy-csv-1969,3722076,CERRADO,HABILITADAS,RCK-001732,IMPORTADO_CERRADO,,
1765,legacy-csv-1970,3722077,CERRADO,HABILITADAS,RCK-001733,IMPORTADO_CERRADO,,
1766,legacy-csv-1971,3722078,CERRADO,HABILITADAS,RCK-001734,IMPORTADO_CERRADO,,
1767,legacy-csv-1981,3722361,CERRADO,HABILITADAS,RCK-001735,IMPORTADO_CERRADO,,
1768,legacy-csv-1983,3722364,CERRADO,HABILITADAS,RCK-001736,IMPORTADO_CERRADO,,
1769,legacy-csv-1984,3722365,CERRADO,HABILITADAS,RCK-001737,IMPORTADO_CERRADO,,
1770,legacy-csv-1985,3722683,CERRADO,HABILITADAS,RCK-001738,IMPORTADO_CERRADO,,
1771,legacy-csv-1986,3722684,CERRADO,HABILITADAS,RCK-001739,IMPORTADO_CERRADO,,
1772,legacy-csv-1987,3722685,CERRADO,HABILITADAS,RCK-001740,IMPORTADO_CERRADO,,
1773,legacy-csv-1988,3722686,CERRADO,HABILITADAS,RCK-001741,IMPORTADO_CERRADO,,
1774,legacy-csv-1989,3722687,CERRADO,HABILITADAS,RCK-001742,IMPORTADO_CERRADO,,
1775,legacy-csv-1990,3722689,CERRADO,HABILITADAS,RCK-001743,IMPORTADO_CERRADO,,
1776,legacy-csv-1991,3723082,CERRADO,HABILITADAS,RCK-001744,IMPORTADO_CERRADO,,
1777,legacy-csv-1996,3723729,CERRADO,HABILITADAS,RCK-001745,IMPORTADO_CERRADO,,
1778,legacy-csv-1998,3724054,CERRADO,HABILITADAS,RCK-001746,IMPORTADO_CERRADO,,
1779,legacy-csv-2004,3724060,CERRADO,HABILITADAS,RCK-001747,IMPORTADO_CERRADO,,
1780,legacy-csv-2005,3724061,CERRADO,HABILITADAS,RCK-001748,IMPORTADO_CERRADO,,
1781,legacy-csv-2006,3724062,CERRADO,HABILITADAS,RCK-001749,IMPORTADO_CERRADO,,
1782,legacy-csv-2007,3724063,CERRADO,HABILITADAS,RCK-001750,IMPORTADO_CERRADO,,
1783,legacy-csv-2009,3724065,CERRADO,HABILITADAS,RCK-001751,IMPORTADO_CERRADO,,
1784,legacy-csv-2010,3724066,CERRADO,HABILITADAS,RCK-001752,IMPORTADO_CERRADO,,
1785,legacy-csv-2011,3724067,CERRADO,HABILITADAS,RCK-001753,IMPORTADO_CERRADO,,
1786,legacy-csv-2013,3724223,CERRADO,HABILITADAS,RCK-001754,IMPORTADO_CERRADO,,
1787,legacy-csv-2021,3725124,CERRADO,HABILITADAS,RCK-001755,IMPORTADO_CERRADO,,
1788,legacy-csv-2022,3725125,CERRADO,HABILITADAS,RCK-001756,IMPORTADO_CERRADO,,
1789,legacy-csv-2023,3725126,CERRADO,HABILITADAS,RCK-001757,IMPORTADO_CERRADO,,
1790,legacy-csv-2024,3730350,CERRADO,HABILITADAS,RCK-001758,IMPORTADO_CERRADO,,
1791,legacy-csv-2025,3730351,CERRADO,HABILITADAS,RCK-001759,IMPORTADO_CERRADO,,
1792,legacy-csv-2027,3731371,CERRADO,HABILITADAS,RCK-001760,IMPORTADO_CERRADO,,
1793,legacy-csv-2028,3731372,CERRADO,HABILITADAS,RCK-001761,IMPORTADO_CERRADO,,
1794,legacy-csv-2026,3730352,CERRADO,HABILITADAS,RCK-001762,IMPORTADO_CERRADO,,
1795,legacy-csv-2029,3731373,CERRADO,HABILITADAS,RCK-001763,IMPORTADO_CERRADO,,
1796,legacy-csv-2030,3731374,CERRADO,HABILITADAS,RCK-001764,IMPORTADO_CERRADO,,
1797,legacy-csv-2031,3731375,CERRADO,HABILITADAS,RCK-001765,IMPORTADO_CERRADO,,
1798,legacy-csv-2034,3731378,CERRADO,HABILITADAS,RCK-001766,IMPORTADO_CERRADO,,
1799,legacy-csv-2037,3731380,CERRADO,HABILITADAS,RCK-001767,IMPORTADO_CERRADO,,
1800,legacy-csv-2038,3731381,CERRADO,HABILITADAS,RCK-001768,IMPORTADO_CERRADO,,
1801,legacy-csv-2039,3731382,CERRADO,HABILITADAS,RCK-001769,IMPORTADO_CERRADO,,
1802,legacy-csv-2040,3731383,CERRADO,HABILITADAS,RCK-001770,IMPORTADO_CERRADO,,
1803,legacy-csv-2041,3731384,CERRADO,HABILITADAS,RCK-001771,IMPORTADO_CERRADO,,
1804,legacy-csv-2043,3731386,CERRADO,HABILITADAS,RCK-001772,IMPORTADO_CERRADO,,
1805,legacy-csv-2044,3731387,CERRADO,HABILITADAS,RCK-001773,IMPORTADO_CERRADO,,
1806,legacy-csv-2045,3731388,CERRADO,HABILITADAS,RCK-001774,IMPORTADO_CERRADO,,
1807,legacy-csv-2052,3731395,CERRADO,HABILITADAS,RCK-001775,IMPORTADO_CERRADO,,
1808,legacy-csv-2059,3731402,CERRADO,HABILITADAS,RCK-001776,IMPORTADO_CERRADO,,
1809,legacy-csv-2060,3731403,CERRADO,HABILITADAS,RCK-001777,IMPORTADO_CERRADO,,
1810,legacy-csv-2061,3731404,CERRADO,HABILITADAS,RCK-001778,IMPORTADO_CERRADO,,
1811,legacy-csv-2064,3731406,CERRADO,HABILITADAS,RCK-001779,IMPORTADO_CERRADO,,
1812,legacy-csv-2066,3731408,CERRADO,HABILITADAS,RCK-001780,IMPORTADO_CERRADO,,
1813,legacy-csv-2067,3731409,CERRADO,HABILITADAS,RCK-001781,IMPORTADO_CERRADO,,
1814,legacy-csv-2069,3731411,CERRADO,HABILITADAS,RCK-001782,IMPORTADO_CERRADO,,
1815,legacy-csv-2070,3731412,CERRADO,HABILITADAS,RCK-001783,IMPORTADO_CERRADO,,
1816,legacy-csv-2071,3731413,CERRADO,HABILITADAS,RCK-001784,IMPORTADO_CERRADO,,
1817,legacy-csv-CCC,3731414,CERRADO,HABILITADAS,RCK-001785,IMPORTADO_CERRADO,,
1818,legacy-csv-2074,3731416,CERRADO,HABILITADAS,RCK-001786,IMPORTADO_CERRADO,,
1819,legacy-csv-2076,3731418,CERRADO,HABILITADAS,RCK-001787,IMPORTADO_CERRADO,,
1820,legacy-csv-2078,3731420,CERRADO,HABILITADAS,RCK-001788,IMPORTADO_CERRADO,,
1821,legacy-csv-2079,3731421,CERRADO,HABILITADAS,RCK-001789,IMPORTADO_CERRADO,,
1822,legacy-csv-2080,3731422,CERRADO,HABILITADAS,RCK-001790,IMPORTADO_CERRADO,,
1823,legacy-csv-2081,3731423,CERRADO,HABILITADAS,RCK-001791,IMPORTADO_CERRADO,,
1824,legacy-csv-2082,3732513,CERRADO,HABILITADAS,RCK-001792,IMPORTADO_CERRADO,,
1825,legacy-csv-2084,3732515,CERRADO,HABILITADAS,RCK-001793,IMPORTADO_CERRADO,,
1826,legacy-csv-2085,3732516,CERRADO,HABILITADAS,RCK-001794,IMPORTADO_CERRADO,,
1827,legacy-csv-2086,3732517,CERRADO,HABILITADAS,RCK-001795,IMPORTADO_CERRADO,,
1828,legacy-csv-2088,3732519,CERRADO,HABILITADAS,RCK-001796,IMPORTADO_CERRADO,,
1829,legacy-csv-2089,3732509,CERRADO,HABILITADAS,RCK-001797,IMPORTADO_CERRADO,,
1830,legacy-csv-2090,3732520,CERRADO,HABILITADAS,RCK-001798,IMPORTADO_CERRADO,,
1831,legacy-csv-2091,3732521,CERRADO,HABILITADAS,RCK-001799,IMPORTADO_CERRADO,,
1832,legacy-csv-2092,3732522,CERRADO,HABILITADAS,RCK-001800,IMPORTADO_CERRADO,,
1833,legacy-csv-2093,3732523,CERRADO,HABILITADAS,RCK-001801,IMPORTADO_CERRADO,,
1834,legacy-csv-2094,3732524,CERRADO,HABILITADAS,RCK-001802,IMPORTADO_CERRADO,,
1835,legacy-csv-2095,3732525,CERRADO,HABILITADAS,RCK-001803,IMPORTADO_CERRADO,,
1836,legacy-csv-2097,3733187,CERRADO,HABILITADAS,RCK-001804,IMPORTADO_CERRADO,,
1837,legacy-csv-2099,3733472,CERRADO,HABILITADAS,RCK-001805,IMPORTADO_CERRADO,,
1838,legacy-csv-2100,3733473,CERRADO,HABILITADAS,RCK-001806,IMPORTADO_CERRADO,,
1839,legacy-csv-2101,3733474,CERRADO,HABILITADAS,RCK-001807,IMPORTADO_CERRADO,,
1840,legacy-csv-2102,3733475,CERRADO,HABILITADAS,RCK-001808,IMPORTADO_CERRADO,,
1841,legacy-csv-2103,3733477,CERRADO,HABILITADAS,RCK-001809,IMPORTADO_CERRADO,,
1842,legacy-csv-2109,3734478,CERRADO,HABILITADAS,RCK-001810,IMPORTADO_CERRADO,,
1843,legacy-csv-2110,3734477,CERRADO,HABILITADAS,RCK-001811,IMPORTADO_CERRADO,,
1844,legacy-csv-2111,3734476,CERRADO,HABILITADAS,RCK-001812,IMPORTADO_CERRADO,,
1845,legacy-csv-2113,3734475,CERRADO,HABILITADAS,RCK-001813,IMPORTADO_CERRADO,,
1846,legacy-csv-2115,3734473,CERRADO,HABILITADAS,RCK-001814,IMPORTADO_CERRADO,,
1847,legacy-csv-2116,3734473,CERRADO,HABILITADAS,RCK-001815,IMPORTADO_CERRADO,,
1848,legacy-csv-2117,3734432,CERRADO,HABILITADAS,RCK-001816,IMPORTADO_CERRADO,,
1849,legacy-csv-2118,3734470,CERRADO,HABILITADAS,RCK-001817,IMPORTADO_CERRADO,,
1850,legacy-csv-2120,3734433,CERRADO,HABILITADAS,RCK-001818,IMPORTADO_CERRADO,,
1851,legacy-csv-2122,3734435,CERRADO,HABILITADAS,RCK-001819,IMPORTADO_CERRADO,,
1852,legacy-csv-2123,3734436,CERRADO,HABILITADAS,RCK-001820,IMPORTADO_CERRADO,,
1853,legacy-csv-2124,3734437,CERRADO,HABILITADAS,RCK-001821,IMPORTADO_CERRADO,,
1854,legacy-csv-2125,3734438,CERRADO,HABILITADAS,RCK-001822,IMPORTADO_CERRADO,,
1855,legacy-csv-2130,3734451,CERRADO,HABILITADAS,RCK-001823,IMPORTADO_CERRADO,,
1856,legacy-csv-2131,3734452,CERRADO,HABILITADAS,RCK-001824,IMPORTADO_CERRADO,,
1857,legacy-csv-2133,3734459,CERRADO,HABILITADAS,RCK-001825,IMPORTADO_CERRADO,,
1858,legacy-csv-2134,3734460,CERRADO,HABILITADAS,RCK-001826,IMPORTADO_CERRADO,,
1859,legacy-csv-2135,3734461,CERRADO,HABILITADAS,RCK-001827,IMPORTADO_CERRADO,,
1860,legacy-csv-2138,3734466,CERRADO,HABILITADAS,RCK-001828,IMPORTADO_CERRADO,,
1861,legacy-csv-2139,3734467,CERRADO,HABILITADAS,RCK-001829,IMPORTADO_CERRADO,,
1862,legacy-csv-2141,3734898,CERRADO,HABILITADAS,RCK-001830,IMPORTADO_CERRADO,,
1863,legacy-csv-2142,3734899,CERRADO,HABILITADAS,RCK-001831,IMPORTADO_CERRADO,,
1864,legacy-csv-2143,3734900,CERRADO,HABILITADAS,RCK-001832,IMPORTADO_CERRADO,,
1865,legacy-csv-2144,3735209,CERRADO,HABILITADAS,RCK-001833,IMPORTADO_CERRADO,,
1866,legacy-csv-2145,3735210,CERRADO,HABILITADAS,RCK-001834,IMPORTADO_CERRADO,,
1867,legacy-csv-2146,3735211,CERRADO,HABILITADAS,RCK-001835,IMPORTADO_CERRADO,,
1868,legacy-csv-2147,3735212,CERRADO,HABILITADAS,RCK-001836,IMPORTADO_CERRADO,,
1869,legacy-csv-2148,3735213,CERRADO,HABILITADAS,RCK-001837,IMPORTADO_CERRADO,,
1870,legacy-csv-2149,3735214,CERRADO,HABILITADAS,RCK-001838,IMPORTADO_CERRADO,,
1871,legacy-csv-2150,3735215,CERRADO,HABILITADAS,RCK-001839,IMPORTADO_CERRADO,,
1872,legacy-csv-2151,3735312,CERRADO,HABILITADAS,RCK-001840,IMPORTADO_CERRADO,,
1873,legacy-csv-2152,3735938,CERRADO,HABILITADAS,RCK-001841,IMPORTADO_CERRADO,,
1874,legacy-csv-2153,3735939,CERRADO,HABILITADAS,RCK-001842,IMPORTADO_CERRADO,,
1875,legacy-csv-2154,3735940,CERRADO,HABILITADAS,RCK-001843,IMPORTADO_CERRADO,,
1876,legacy-csv-2155,3735941,CERRADO,HABILITADAS,RCK-001844,IMPORTADO_CERRADO,,
1877,legacy-csv-2156,3735942,CERRADO,HABILITADAS,RCK-001845,IMPORTADO_CERRADO,,
1878,legacy-csv-2157,3735943,CERRADO,HABILITADAS,RCK-001846,IMPORTADO_CERRADO,,
1879,legacy-csv-2158,3735944,CERRADO,HABILITADAS,RCK-001847,IMPORTADO_CERRADO,,
1880,legacy-csv-2159,3735945,CERRADO,HABILITADAS,RCK-001848,IMPORTADO_CERRADO,,
1881,legacy-csv-2161,3736709,CERRADO,HABILITADAS,RCK-001849,IMPORTADO_CERRADO,,
1882,legacy-csv-2162,3736710,CERRADO,HABILITADAS,RCK-001850,IMPORTADO_CERRADO,,
1883,legacy-csv-2163,3737065,CERRADO,HABILITADAS,RCK-001851,IMPORTADO_CERRADO,,
1884,legacy-csv-2164,3737066,CERRADO,HABILITADAS,RCK-001852,IMPORTADO_CERRADO,,
1885,legacy-csv-2168,3737402,CERRADO,HABILITADAS,RCK-001853,IMPORTADO_CERRADO,,
1886,legacy-csv-2170,3737722,CERRADO,HABILITADAS,RCK-001854,IMPORTADO_CERRADO,,
1887,legacy-csv-2171,3737723,CERRADO,HABILITADAS,RCK-001855,IMPORTADO_CERRADO,,
1888,legacy-csv-2172,3737724,CERRADO,HABILITADAS,RCK-001856,IMPORTADO_CERRADO,,
1889,legacy-csv-2173,3737725,CERRADO,HABILITADAS,RCK-001857,IMPORTADO_CERRADO,,
1890,legacy-csv-2174,3738119,CERRADO,HABILITADAS,RCK-001858,IMPORTADO_CERRADO,,
1891,legacy-csv-2175,3738121,CERRADO,HABILITADAS,RCK-001859,IMPORTADO_CERRADO,,
1892,legacy-csv-2176,3738122,CERRADO,HABILITADAS,RCK-001860,IMPORTADO_CERRADO,,
1893,legacy-csv-2177,3738494,CERRADO,HABILITADAS,RCK-001861,IMPORTADO_CERRADO,,
1894,legacy-csv-2178,3738495,CERRADO,HABILITADAS,RCK-001862,IMPORTADO_CERRADO,,
1895,legacy-csv-2179,3738496,CERRADO,HABILITADAS,RCK-001863,IMPORTADO_CERRADO,,
1896,legacy-csv-2180,3738497,CERRADO,HABILITADAS,RCK-001864,IMPORTADO_CERRADO,,
1897,legacy-csv-2181,3738498,CERRADO,HABILITADAS,RCK-001865,IMPORTADO_CERRADO,,
1898,legacy-csv-2182,3738499,CERRADO,HABILITADAS,RCK-001866,IMPORTADO_CERRADO,,
1899,legacy-csv-2183,3738500,CERRADO,HABILITADAS,RCK-001867,IMPORTADO_CERRADO,,
1900,legacy-csv-2184,3738501,CERRADO,HABILITADAS,RCK-001868,IMPORTADO_CERRADO,,
1901,legacy-csv-2185,3738501,CERRADO,HABILITADAS,RCK-001869,IMPORTADO_CERRADO,,
1902,legacy-csv-2186,3738502,CERRADO,HABILITADAS,RCK-001870,IMPORTADO_CERRADO,,
1903,legacy-csv-2187,3738503,CERRADO,HABILITADAS,RCK-001871,IMPORTADO_CERRADO,,
1904,legacy-csv-2189,3738505,CERRADO,HABILITADAS,RCK-001872,IMPORTADO_CERRADO,,
1905,legacy-csv-2190,3738506,CERRADO,HABILITADAS,RCK-001873,IMPORTADO_CERRADO,,
1906,legacy-csv-2191,3738507,CERRADO,HABILITADAS,RCK-001874,IMPORTADO_CERRADO,,
1907,legacy-csv-2192,3738509,CERRADO,HABILITADAS,RCK-001875,IMPORTADO_CERRADO,,
1908,legacy-csv-2193,3738510,CERRADO,HABILITADAS,RCK-001876,IMPORTADO_CERRADO,,
1909,legacy-csv-2194,3738511,CERRADO,HABILITADAS,RCK-001877,IMPORTADO_CERRADO,,
1910,legacy-csv-2196,3738513,CERRADO,HABILITADAS,RCK-001878,IMPORTADO_CERRADO,,
1911,legacy-csv-2197,3738514,CERRADO,HABILITADAS,RCK-001879,IMPORTADO_CERRADO,,
1912,legacy-csv-2204,3739217,CERRADO,HABILITADAS,RCK-001880,IMPORTADO_CERRADO,,
1913,legacy-csv-2205,3739921,CERRADO,HABILITADAS,RCK-001881,IMPORTADO_CERRADO,,
1914,legacy-csv-2206,3739922,CERRADO,HABILITADAS,RCK-001882,IMPORTADO_CERRADO,,
1915,legacy-csv-2207,3739923,CERRADO,HABILITADAS,RCK-001883,IMPORTADO_CERRADO,,
1916,legacy-csv-2208,3739924,CERRADO,HABILITADAS,RCK-001884,IMPORTADO_CERRADO,,
1917,legacy-csv-2209,3739925,CERRADO,HABILITADAS,RCK-001885,IMPORTADO_CERRADO,,
1918,legacy-csv-2210,3739926,CERRADO,HABILITADAS,RCK-001886,IMPORTADO_CERRADO,,
1919,legacy-csv-2211,3739927,CERRADO,HABILITADAS,RCK-001887,IMPORTADO_CERRADO,,
1920,legacy-csv-2212,3739928,CERRADO,HABILITADAS,RCK-001888,IMPORTADO_CERRADO,,
1921,legacy-csv-2213,3740295,CERRADO,HABILITADAS,RCK-001889,IMPORTADO_CERRADO,,
1922,legacy-csv-2214,3740296,CERRADO,HABILITADAS,RCK-001890,IMPORTADO_CERRADO,,
1923,legacy-csv-2219,3745923,CERRADO,HABILITADAS,RCK-001891,IMPORTADO_CERRADO,,
1924,legacy-csv-2220,3745924,CERRADO,HABILITADAS,RCK-001892,IMPORTADO_CERRADO,,
1925,legacy-csv-2221,3746271,CERRADO,HABILITADAS,RCK-001893,IMPORTADO_CERRADO,,
1926,legacy-csv-2222,3746272,CERRADO,HABILITADAS,RCK-001894,IMPORTADO_CERRADO,,
1927,legacy-csv-2223,3746676,CERRADO,HABILITADAS,RCK-001895,IMPORTADO_CERRADO,,
1928,legacy-csv-2224,3746677,CERRADO,HABILITADAS,RCK-001896,IMPORTADO_CERRADO,,
1929,legacy-csv-C,3747032,CERRADO,HABILITADAS,RCK-001897,IMPORTADO_CERRADO,,
1930,legacy-csv-2228,3747033,CERRADO,HABILITADAS,RCK-001898,IMPORTADO_CERRADO,,
1931,legacy-csv-1666,3696995,CERRADO,HABILITADAS,RCK-001899,IMPORTADO_CERRADO,,
1932,legacy-csv-1719,3702147,CERRADO,HABILITADAS,RCK-001900,IMPORTADO_CERRADO,,
1933,legacy-csv-1729,3704067,CERRADO,HABILITADAS,RCK-001901,IMPORTADO_CERRADO,,
1934,legacy-csv-1762,3707599,CERRADO,HABILITADAS,RCK-001902,IMPORTADO_CERRADO,,
1935,legacy-csv-2068,3731410,CERRADO,HABILITADAS,RCK-001903,IMPORTADO_CERRADO,,
1936,legacy-csv-2195,3738512,CERRADO,HABILITADAS,RCK-001904,IMPORTADO_CERRADO,,
1937,legacy-csv-2226,3746679,CERRADO,HABILITADAS,RCK-001905,IMPORTADO_CERRADO,,
1938,legacy-csv-999,3650893,CERRADO,HABILITADAS,RCK-001906,IMPORTADO_CERRADO,,
1939,legacy-csv-1002,3651301,CERRADO,HABILITADAS,RCK-001907,IMPORTADO_CERRADO,,
1940,legacy-csv-1126,3656395,CERRADO,HABILITADAS,RCK-001908,IMPORTADO_CERRADO,,
1941,legacy-csv-1190,3665593,CERRADO,HABILITADAS,RCK-001909,IMPORTADO_CERRADO,,
1942,legacy-csv-1271,3671598,CERRADO,HABILITADAS,RCK-001910,IMPORTADO_CERRADO,,
1943,legacy-csv-1315,3677605,CERRADO,HABILITADAS,RCK-001911,IMPORTADO_CERRADO,,
1944,legacy-csv-service-MAL CARGADO,MAL CARGADO,CERRADO,HABILITADAS,,SKIP_MAL_CARGADO,,
1945,legacy-csv-1445,3682616,CERRADO,HABILITADAS,RCK-001912,IMPORTADO_CERRADO,,
1946,legacy-csv-1494,3684076,CERRADO,HABILITADAS,RCK-001913,IMPORTADO_CERRADO,,
1947,legacy-csv-1573,3692722,CERRADO,HABILITADAS,RCK-001914,IMPORTADO_CERRADO,,
1948,legacy-csv-1574,3692723,CERRADO,HABILITADAS,RCK-001915,IMPORTADO_CERRADO,,
1949,legacy-csv-1575,3692724,CERRADO,HABILITADAS,RCK-001916,IMPORTADO_CERRADO,,
1950,legacy-csv-1577,3692726,CERRADO,HABILITADAS,RCK-001917,IMPORTADO_CERRADO,,
1951,legacy-csv-1644,3696014,CERRADO,HABILITADAS,RCK-001918,IMPORTADO_CERRADO,,
1952,legacy-csv-1647,3696036,CERRADO,HABILITADAS,RCK-001919,IMPORTADO_CERRADO,,
1953,legacy-csv-1648,3696038,CERRADO,HABILITADAS,RCK-001920,IMPORTADO_CERRADO,,
1954,legacy-csv-service-MAL CARGADO,MAL CARGADO,CERRADO,HABILITADAS,,SKIP_MAL_CARGADO,,
1955,legacy-csv-1698,3698315,CERRADO,HABILITADAS,RCK-001921,IMPORTADO_CERRADO,,
1956,legacy-csv-1703,3698634,CERRADO,HABILITADAS,RCK-001922,IMPORTADO_CERRADO,,
1957,legacy-csv-1715,3702013,CERRADO,HABILITADAS,RCK-001923,IMPORTADO_CERRADO,,
1958,legacy-csv-1807,,CERRADO,HABILITADAS,RCK-001924,IMPORTADO_CERRADO,,
1959,legacy-csv-1808,,CERRADO,HABILITADAS,RCK-001925,IMPORTADO_CERRADO,,
1960,legacy-csv-1809,,CERRADO,HABILITADAS,RCK-001926,IMPORTADO_CERRADO,,
1961,legacy-csv-1810,,CERRADO,HABILITADAS,RCK-001927,IMPORTADO_CERRADO,,
1962,legacy-csv-1811,,CERRADO,HABILITADAS,RCK-001928,IMPORTADO_CERRADO,,
1963,legacy-csv-1820,3710691,CERRADO,HABILITADAS,RCK-001929,IMPORTADO_CERRADO,,
1964,legacy-csv-1829,3711487,CERRADO,HABILITADAS,RCK-001930,IMPORTADO_CERRADO,,
1965,legacy-csv-1835,3711493,CERRADO,HABILITADAS,RCK-001931,IMPORTADO_CERRADO,,
1966,legacy-csv-1842,3711867,CERRADO,HABILITADAS,RCK-001932,IMPORTADO_CERRADO,,
1967,legacy-csv-1843,3711868,CERRADO,HABILITADAS,RCK-001933,IMPORTADO_CERRADO,,
1968,legacy-csv-1844,3711869,CERRADO,HABILITADAS,RCK-001934,IMPORTADO_CERRADO,,
1969,legacy-csv-1847,3711872,CERRADO,HABILITADAS,RCK-001935,IMPORTADO_CERRADO,,
1970,legacy-csv-1850,3712205,CERRADO,HABILITADAS,RCK-001936,IMPORTADO_CERRADO,,
1971,legacy-csv-1851,3712206,CERRADO,HABILITADAS,RCK-001937,IMPORTADO_CERRADO,,
1972,legacy-csv-1852,3712207,CERRADO,HABILITADAS,RCK-001938,IMPORTADO_CERRADO,,
1973,legacy-csv-1853,3712208,CERRADO,HABILITADAS,RCK-001939,IMPORTADO_CERRADO,,
1974,legacy-csv-1854,3712209,CERRADO,HABILITADAS,RCK-001940,IMPORTADO_CERRADO,,
1975,legacy-csv-1856,3712211,CERRADO,HABILITADAS,RCK-001941,IMPORTADO_CERRADO,,
1976,legacy-csv-1857,3712212,CERRADO,HABILITADAS,RCK-001942,IMPORTADO_CERRADO,,
1977,legacy-csv-1866,3713078,CERRADO,HABILITADAS,RCK-001943,IMPORTADO_CERRADO,,
1978,legacy-csv-1877,3713089,CERRADO,HABILITADAS,RCK-001944,IMPORTADO_CERRADO,,
1979,legacy-csv-1878,3713090,CERRADO,HABILITADAS,RCK-001945,IMPORTADO_CERRADO,,
1980,legacy-csv-1918,3718764,CERRADO,HABILITADAS,RCK-001946,IMPORTADO_CERRADO,,
1981,legacy-csv-1944,3719933,CERRADO,HABILITADAS,RCK-001947,IMPORTADO_CERRADO,,
1982,legacy-csv-1964,3721674,CERRADO,HABILITADAS,RCK-001948,IMPORTADO_CERRADO,,
1983,legacy-csv-1978,3722358,CERRADO,HABILITADAS,RCK-001949,IMPORTADO_CERRADO,,
1984,legacy-csv-1979,3722359,CERRADO,HABILITADAS,RCK-001950,IMPORTADO_CERRADO,,
1985,legacy-csv-1980,3722360,CERRADO,HABILITADAS,RCK-001951,IMPORTADO_CERRADO,,
1986,legacy-csv-1982,3722363,CERRADO,HABILITADAS,RCK-001952,IMPORTADO_CERRADO,,
1987,legacy-csv-1992,3723083,CERRADO,HABILITADAS,RCK-001953,IMPORTADO_CERRADO,,
1988,legacy-csv-1993,3723436,CERRADO,HABILITADAS,RCK-001954,IMPORTADO_CERRADO,,
1989,legacy-csv-1994,3723437,CERRADO,HABILITADAS,RCK-001955,IMPORTADO_CERRADO,,
1990,legacy-csv-1995,3723438,CERRADO,HABILITADAS,RCK-001956,IMPORTADO_CERRADO,,
1991,legacy-csv-1997,3723730,CERRADO,HABILITADAS,RCK-001957,IMPORTADO_CERRADO,,
1992,legacy-csv-1999,3724055,CERRADO,HABILITADAS,RCK-001958,IMPORTADO_CERRADO,,
1993,legacy-csv-2000,3724056,CERRADO,HABILITADAS,RCK-001959,IMPORTADO_CERRADO,,
1994,legacy-csv-2001,3724057,CERRADO,HABILITADAS,RCK-001960,IMPORTADO_CERRADO,,
1995,legacy-csv-2002,3724058,CERRADO,HABILITADAS,RCK-001961,IMPORTADO_CERRADO,,
1996,legacy-csv-2003,3724059,CERRADO,HABILITADAS,RCK-001962,IMPORTADO_CERRADO,,
1997,legacy-csv-2008,3724064,CERRADO,HABILITADAS,RCK-001963,IMPORTADO_CERRADO,,
1998,legacy-csv-2012,3724222,CERRADO,HABILITADAS,RCK-001964,IMPORTADO_CERRADO,,
1999,legacy-csv-2014,3724224,CERRADO,HABILITADAS,RCK-001965,IMPORTADO_CERRADO,,
2000,legacy-csv-2015,3724226,CERRADO,HABILITADAS,RCK-001966,IMPORTADO_CERRADO,,
2001,legacy-csv-2016,3724228,CERRADO,HABILITADAS,RCK-001967,IMPORTADO_CERRADO,,
2002,legacy-csv-2019,3724710,CERRADO,HABILITADAS,RCK-001968,IMPORTADO_CERRADO,,
2003,legacy-csv-2032,3731376,CERRADO,HABILITADAS,RCK-001969,IMPORTADO_CERRADO,,
2004,legacy-csv-2033,3731377,CERRADO,HABILITADAS,RCK-001970,IMPORTADO_CERRADO,,
2005,legacy-csv-2035,3731379,CERRADO,HABILITADAS,RCK-001971,IMPORTADO_CERRADO,,
2006,legacy-csv-2036,3731379,CERRADO,HABILITADAS,RCK-001972,IMPORTADO_CERRADO,,
2007,legacy-csv-2042,3731385,CERRADO,HABILITADAS,RCK-001973,IMPORTADO_CERRADO,,
2008,legacy-csv-2046,3731389,CERRADO,HABILITADAS,RCK-001974,IMPORTADO_CERRADO,,
2009,legacy-csv-2047,3731390,CERRADO,HABILITADAS,RCK-001975,IMPORTADO_CERRADO,,
2010,legacy-csv-2048,3731391,CERRADO,HABILITADAS,RCK-001976,IMPORTADO_CERRADO,,
2011,legacy-csv-2049,3731392,CERRADO,HABILITADAS,RCK-001977,IMPORTADO_CERRADO,,
2012,legacy-csv-2050,3731393,CERRADO,HABILITADAS,RCK-001978,IMPORTADO_CERRADO,,
2013,legacy-csv-2051,3731394,CERRADO,HABILITADAS,RCK-001979,IMPORTADO_CERRADO,,
2014,legacy-csv-2053,3731396,CERRADO,HABILITADAS,RCK-001980,IMPORTADO_CERRADO,,
2015,legacy-csv-service-3731397,3731397,CERRADO,HABILITADAS,RCK-001981,IMPORTADO_CERRADO,,
2016,legacy-csv-service-3731398,3731398,CERRADO,HABILITADAS,,SKIP_MAL_CARGADO,,
2017,legacy-csv-service-3731399,3731399,CERRADO,HABILITADAS,RCK-001982,IMPORTADO_CERRADO,,
2018,legacy-csv-service-3731400,3731400,CERRADO,HABILITADAS,RCK-001983,IMPORTADO_CERRADO,,
2019,legacy-csv-service-3731401,3731401,CERRADO,HABILITADAS,RCK-001984,IMPORTADO_CERRADO,,
2020,legacy-csv-service-3731405,3731405,CERRADO,HABILITADAS,RCK-001985,IMPORTADO_CERRADO,,
2021,legacy-csv-service-3731407,3731407,CERRADO,HABILITADAS,RCK-001986,IMPORTADO_CERRADO,,
2022,legacy-csv-service-3731415,3731415,CERRADO,HABILITADAS,RCK-001987,IMPORTADO_CERRADO,,
2023,legacy-csv-service-3731419,3731419,CERRADO,HABILITADAS,RCK-001988,IMPORTADO_CERRADO,,
2024,legacy-csv-service-3732514,3732514,CERRADO,HABILITADAS,RCK-001989,IMPORTADO_CERRADO,,
2025,legacy-csv-service-3732518,3732518,CERRADO,HABILITADAS,RCK-001990,IMPORTADO_CERRADO,,
2026,legacy-csv-service-3732882,3732882,CERRADO,HABILITADAS,RCK-001991,IMPORTADO_CERRADO,,
2027,legacy-csv-service-3733188,3733188,CERRADO,HABILITADAS,RCK-001992,IMPORTADO_CERRADO,,
2028,legacy-csv-service-3733478,3733478,CERRADO,HABILITADAS,RCK-001993,IMPORTADO_CERRADO,,
2029,legacy-csv-service-3733479,3733479,CERRADO,HABILITADAS,RCK-001994,IMPORTADO_CERRADO,,
2030,legacy-csv-row-2030,,CERRADO,HABILITADAS,RCK-001995,IMPORTADO_CERRADO,,
2031,legacy-csv-service-3734469,3734469,CERRADO,HABILITADAS,RCK-001996,IMPORTADO_CERRADO,,
2032,legacy-csv-service-3734434,3734434,CERRADO,HABILITADAS,RCK-001997,IMPORTADO_CERRADO,,
2033,legacy-csv-service-3734447,3734447,CERRADO,HABILITADAS,RCK-001998,IMPORTADO_CERRADO,,
2034,legacy-csv-service-MAL CARGADO,MAL CARGADO,CERRADO,HABILITADAS,,SKIP_MAL_CARGADO,,
2035,legacy-csv-service-3734449,3734449,CERRADO,HABILITADAS,RCK-001999,IMPORTADO_CERRADO,,
2036,legacy-csv-service-3734450,3734450,CERRADO,HABILITADAS,RCK-002000,IMPORTADO_CERRADO,,
2037,legacy-csv-service-3734457,3734457,CERRADO,HABILITADAS,RCK-002001,IMPORTADO_CERRADO,,
2038,legacy-csv-service-3734464,3734464,CERRADO,HABILITADAS,RCK-002002,IMPORTADO_CERRADO,,
2039,legacy-csv-service-3734465,3734465,CERRADO,HABILITADAS,RCK-002003,IMPORTADO_CERRADO,,
2040,legacy-csv-service-3734468,3734468,CERRADO,HABILITADAS,RCK-002004,IMPORTADO_CERRADO,,
2041,legacy-csv-service-3736708,3736708,CERRADO,HABILITADAS,RCK-002005,IMPORTADO_CERRADO,,
2042,legacy-csv-service-3737067,3737067,CERRADO,HABILITADAS,RCK-002006,IMPORTADO_CERRADO,,
2043,legacy-csv-service-3737068,3737068,CERRADO,HABILITADAS,RCK-002007,IMPORTADO_CERRADO,,
2044,legacy-csv-service-3737069,3737069,CERRADO,HABILITADAS,RCK-002008,IMPORTADO_CERRADO,,
2045,legacy-csv-service-3737403,3737403,CERRADO,HABILITADAS,RCK-002009,IMPORTADO_CERRADO,,
2046,legacy-csv-service-3738504,3738504,CERRADO,HABILITADAS,RCK-002010,IMPORTADO_CERRADO,,
2047,legacy-csv-service-3738517,3738517,CERRADO,HABILITADAS,,SKIP_MAL_CARGADO,,
2048,legacy-csv-service-3738519,3738519,CERRADO,HABILITADAS,RCK-002011,IMPORTADO_CERRADO,,
2049,legacy-csv-service-3738865,3738865,CERRADO,HABILITADAS,RCK-002012,IMPORTADO_CERRADO,,
2050,legacy-csv-service-3738866,3738866,CERRADO,HABILITADAS,RCK-002013,IMPORTADO_CERRADO,,
2051,legacy-csv-service-3738867,3738867,CERRADO,HABILITADAS,RCK-002014,IMPORTADO_CERRADO,,
2052,legacy-csv-service-3745604,3745604,CERRADO,HABILITADAS,RCK-002015,IMPORTADO_CERRADO,,
2053,legacy-csv-service-3745605,3745605,CERRADO,HABILITADAS,RCK-002016,IMPORTADO_CERRADO,,
2054,legacy-csv-service-3745606,3745606,CERRADO,HABILITADAS,RCK-002017,IMPORTADO_CERRADO,,
2055,legacy-csv-service-3745922,3745922,CERRADO,HABILITADAS,RCK-002018,IMPORTADO_CERRADO,,
2056,legacy-csv-service-3746678,3746678,CERRADO,HABILITADAS,RCK-002019,IMPORTADO_CERRADO,,
2057,legacy-csv-service-3747408,3747408,CERRADO,HABILITADAS,RCK-002020,IMPORTADO_CERRADO,,
2058,legacy-csv-service-3747409,3747409,CERRADO,HABILITADAS,RCK-002021,IMPORTADO_CERRADO,,
2059,legacy-csv-service-3747410,3747410,CERRADO,HABILITADAS,RCK-002022,IMPORTADO_CERRADO,,
2060,legacy-csv-service-3747411,3747411,CERRADO,HABILITADAS,,ERROR_VALIDACION,Pasillo obligatorio y numerico.,
2061,legacy-csv-service-3748125,3748125,CERRADO,HABILITADAS,RCK-002023,IMPORTADO_CERRADO,,
2062,legacy-csv-service-3748126,3748126,CERRADO,HABILITADAS,RCK-002024,IMPORTADO_CERRADO,,
2063,legacy-csv-service-3748127,3748127,CERRADO,HABILITADAS,RCK-002025,IMPORTADO_CERRADO,,
2064,legacy-csv-service-3748128,3748128,CERRADO,HABILITADAS,RCK-002026,IMPORTADO_CERRADO,,
2065,legacy-csv-service-3748129,3748129,CERRADO,HABILITADAS,RCK-002027,IMPORTADO_CERRADO,,
2066,legacy-csv-service-3748137,3748137,CERRADO,HABILITADAS,RCK-002028,IMPORTADO_CERRADO,,
2067,legacy-csv-service-3748471,3748471,CERRADO,HABILITADAS,RCK-002029,IMPORTADO_CERRADO,,
2068,legacy-csv-service-3748472,3748472,CERRADO,HABILITADAS,RCK-002030,IMPORTADO_CERRADO,,
2069,legacy-csv-service-3748473,3748473,CERRADO,HABILITADAS,RCK-002031,IMPORTADO_CERRADO,,
2070,legacy-csv-service-3748474,3748474,CERRADO,HABILITADAS,RCK-002032,IMPORTADO_CERRADO,,
2071,legacy-csv-service-3748475,3748475,CERRADO,HABILITADAS,RCK-002033,IMPORTADO_CERRADO,,
2072,legacy-csv-service-3748476,3748476,CERRADO,HABILITADAS,RCK-002034,IMPORTADO_CERRADO,,
2073,legacy-csv-service-3748483,3748483,CERRADO,HABILITADAS,RCK-002035,IMPORTADO_CERRADO,,
2074,legacy-csv-service-3748484,3748484,CERRADO,HABILITADAS,RCK-002036,IMPORTADO_CERRADO,,
2075,legacy-csv-service-3748485,3748485,CERRADO,HABILITADAS,RCK-002037,IMPORTADO_CERRADO,,
2076,legacy-csv-service-3748486,3748486,CERRADO,HABILITADAS,RCK-002038,IMPORTADO_CERRADO,,
2077,legacy-csv-service-3748487,3748487,CERRADO,HABILITADAS,RCK-002039,IMPORTADO_CERRADO,,
2078,legacy-csv-service-3748488,3748488,CERRADO,HABILITADAS,RCK-002040,IMPORTADO_CERRADO,,
2079,legacy-csv-service-3748495,3748495,CERRADO,HABILITADAS,RCK-002041,IMPORTADO_CERRADO,,
2080,legacy-csv-service-3748501,3748501,CERRADO,HABILITADAS,RCK-002042,IMPORTADO_CERRADO,,
2081,legacy-csv-service-3748502,3748502,CERRADO,HABILITADAS,RCK-002043,IMPORTADO_CERRADO,,
2082,legacy-csv-service-3748503,3748503,CERRADO,HABILITADAS,RCK-002044,IMPORTADO_CERRADO,,
2083,legacy-csv-service-3748504,3748504,CERRADO,HABILITADAS,RCK-002045,IMPORTADO_CERRADO,,
2084,legacy-csv-service-3748505,3748505,CERRADO,HABILITADAS,RCK-002046,IMPORTADO_CERRADO,,
2085,legacy-csv-service-3748506,3748506,CERRADO,HABILITADAS,RCK-002047,IMPORTADO_CERRADO,,
2086,legacy-csv-service-3748508,3748508,CERRADO,HABILITADAS,RCK-002048,IMPORTADO_CERRADO,,
2087,legacy-csv-service-3748509,3748509,CERRADO,HABILITADAS,RCK-002049,IMPORTADO_CERRADO,,
2088,legacy-csv-service-3748511,3748511,CERRADO,HABILITADAS,RCK-002050,IMPORTADO_CERRADO,,
2089,legacy-csv-service-3748650,3748650,CERRADO,HABILITADAS,RCK-002051,IMPORTADO_CERRADO,,
2090,legacy-csv-service-3748819,3748819,CERRADO,HABILITADAS,RCK-002052,IMPORTADO_CERRADO,,
2091,legacy-csv-service-3748820,3748820,CERRADO,HABILITADAS,RCK-002053,IMPORTADO_CERRADO,,
2092,legacy-csv-service-3748821,3748821,CERRADO,HABILITADAS,RCK-002054,IMPORTADO_CERRADO,,
2093,legacy-csv-service-3748822,3748822,CERRADO,HABILITADAS,RCK-002055,IMPORTADO_CERRADO,,
2094,legacy-csv-service-3749226,3749226,CERRADO,HABILITADAS,RCK-002056,IMPORTADO_CERRADO,,
2095,legacy-csv-service-3749610,3749610,CERRADO,HABILITADAS,RCK-002057,IMPORTADO_CERRADO,,
2096,legacy-csv-service-3749611,3749611,CERRADO,HABILITADAS,RCK-002058,IMPORTADO_CERRADO,,
2097,legacy-csv-service-3749612,3749612,CERRADO,HABILITADAS,RCK-002059,IMPORTADO_CERRADO,,
2098,legacy-csv-service-3749613,3749613,CERRADO,HABILITADAS,RCK-002060,IMPORTADO_CERRADO,,
2099,legacy-csv-service-3750269,3750269,CERRADO,HABILITADAS,RCK-002061,IMPORTADO_CERRADO,,
2100,legacy-csv-service-3750270,3750270,CERRADO,HABILITADAS,RCK-002062,IMPORTADO_CERRADO,,
2101,legacy-csv-service-3750271,3750271,CERRADO,HABILITADAS,RCK-002063,IMPORTADO_CERRADO,,
2102,legacy-csv-service-3750272,3750272,CERRADO,HABILITADAS,RCK-002064,IMPORTADO_CERRADO,,
2103,legacy-csv-service-3750273,3750273,CERRADO,HABILITADAS,RCK-002065,IMPORTADO_CERRADO,,
2104,legacy-csv-service-3750274,3750274,CERRADO,HABILITADAS,RCK-002066,IMPORTADO_CERRADO,,
2105,legacy-csv-service-3750275,3750275,CERRADO,HABILITADAS,RCK-002067,IMPORTADO_CERRADO,,
2106,legacy-csv-service-3750562,3750562,CERRADO,HABILITADAS,RCK-002068,IMPORTADO_CERRADO,,
2107,legacy-csv-service-3750563,3750563,CERRADO,HABILITADAS,RCK-002069,IMPORTADO_CERRADO,,
2108,legacy-csv-service-3750564,3750564,CERRADO,HABILITADAS,RCK-002070,IMPORTADO_CERRADO,,
2109,legacy-csv-service-3750857,3750857,CERRADO,HABILITADAS,RCK-002071,IMPORTADO_CERRADO,,
2110,legacy-csv-service-3751554,3751554,CERRADO,HABILITADAS,RCK-002072,IMPORTADO_CERRADO,,
2111,legacy-csv-service-3751912,3751912,CERRADO,HABILITADAS,RCK-002073,IMPORTADO_CERRADO,,
2112,legacy-csv-service-3752247,3752247,CERRADO,HABILITADAS,RCK-002074,IMPORTADO_CERRADO,,
2113,legacy-csv-service-3752248,3752248,CERRADO,HABILITADAS,,ERROR_VALIDACION,Falta nivel.,Niveles invalidos ignorados: P
2114,legacy-csv-service-3752249,3752249,CERRADO,HABILITADAS,,ERROR_VALIDACION,Falta nivel.,Niveles invalidos ignorados: P
2115,legacy-csv-service-3752250,3752250,CERRADO,HABILITADAS,,ERROR_VALIDACION,Falta nivel.,Niveles invalidos ignorados: P
2116,legacy-csv-service-3752568,3752568,CERRADO,HABILITADAS,RCK-002075,IMPORTADO_CERRADO,,
2117,legacy-csv-service-3752569,3752569,CERRADO,HABILITADAS,RCK-002076,IMPORTADO_CERRADO,,
2118,legacy-csv-service-3752570,3752570,CERRADO,HABILITADAS,RCK-002077,IMPORTADO_CERRADO,,
2119,legacy-csv-service-3752571,3752571,CERRADO,HABILITADAS,RCK-002078,IMPORTADO_CERRADO,,
2120,legacy-csv-service-3752572,3752572,CERRADO,HABILITADAS,RCK-002079,IMPORTADO_CERRADO,,
2121,legacy-csv-service-3752573,3752573,CERRADO,HABILITADAS,RCK-002080,IMPORTADO_CERRADO,,
2122,legacy-csv-service-3752898,3752898,CERRADO,HABILITADAS,RCK-002081,IMPORTADO_CERRADO,,
2123,legacy-csv-service-3752899,3752899,CERRADO,HABILITADAS,RCK-002082,IMPORTADO_CERRADO,,
2124,legacy-csv-service-3752900,3752900,CERRADO,HABILITADAS,RCK-002083,IMPORTADO_CERRADO,,
2125,legacy-csv-service-3752901,3752901,CERRADO,HABILITADAS,RCK-002084,IMPORTADO_CERRADO,,
2126,legacy-csv-service-3752902,3752902,CERRADO,HABILITADAS,RCK-002085,IMPORTADO_CERRADO,,
2127,legacy-csv-service-3753367,3753367,CERRADO,HABILITADAS,RCK-002086,IMPORTADO_CERRADO,,
2128,legacy-csv-service-3753368,3753368,CERRADO,HABILITADAS,RCK-002087,IMPORTADO_CERRADO,,
2129,legacy-csv-service-3753369,3753369,CERRADO,HABILITADAS,RCK-002088,IMPORTADO_CERRADO,,
2130,legacy-csv-service-3753370,3753370,CERRADO,HABILITADAS,RCK-002089,IMPORTADO_CERRADO,,
2131,legacy-csv-service-3753371,3753371,CERRADO,HABILITADAS,RCK-002090,IMPORTADO_CERRADO,,
2132,legacy-csv-service-3759868,3759868,CERRADO,HABILITADAS,RCK-002091,IMPORTADO_CERRADO,,
2133,legacy-csv-service-3759869,3759869,CERRADO,HABILITADAS,RCK-002092,IMPORTADO_CERRADO,,
2134,legacy-csv-service-3759870,3759870,CERRADO,HABILITADAS,RCK-002093,IMPORTADO_CERRADO,,
2135,legacy-csv-service-3759871,3759871,CERRADO,HABILITADAS,RCK-002094,IMPORTADO_CERRADO,,
2136,legacy-csv-service-3760213,3760213,CERRADO,HABILITADAS,RCK-002095,IMPORTADO_CERRADO,,
2137,legacy-csv-service-3760214,3760214,CERRADO,HABILITADAS,RCK-002096,IMPORTADO_CERRADO,,
2138,legacy-csv-service-3760215,3760215,CERRADO,HABILITADAS,RCK-002097,IMPORTADO_CERRADO,,
2139,legacy-csv-service-3760217,3760217,CERRADO,HABILITADAS,RCK-002098,IMPORTADO_CERRADO,,
2140,legacy-csv-service-3760218,3760218,CERRADO,HABILITADAS,RCK-002099,IMPORTADO_CERRADO,,
2141,legacy-csv-service-3760219,3760219,CERRADO,HABILITADAS,RCK-002100,IMPORTADO_CERRADO,,
2142,legacy-csv-service-3760220,3760220,CERRADO,HABILITADAS,RCK-002101,IMPORTADO_CERRADO,,
2143,legacy-csv-service-3760221,3760221,CERRADO,HABILITADAS,RCK-002102,IMPORTADO_CERRADO,,
2144,legacy-csv-service-3760222,3760222,CERRADO,HABILITADAS,RCK-002103,IMPORTADO_CERRADO,,
2145,legacy-csv-service-3760223,3760223,CERRADO,HABILITADAS,RCK-002104,IMPORTADO_CERRADO,,
2146,legacy-csv-service-3760224,3760224,CERRADO,HABILITADAS,RCK-002105,IMPORTADO_CERRADO,,
2147,legacy-csv-service-3760225,3760225,CERRADO,HABILITADAS,RCK-002106,IMPORTADO_CERRADO,,
2148,legacy-csv-service-3760553,3760553,CERRADO,HABILITADAS,RCK-002107,IMPORTADO_CERRADO,,
2149,legacy-csv-service-3761318,3761318,CERRADO,HABILITADAS,RCK-002108,IMPORTADO_CERRADO,,
2150,legacy-csv-service-3761319,3761319,CERRADO,HABILITADAS,RCK-002109,IMPORTADO_CERRADO,,
2151,legacy-csv-service-3761320,3761320,CERRADO,HABILITADAS,RCK-002110,IMPORTADO_CERRADO,,
2152,legacy-csv-service-3761321,3761321,CERRADO,HABILITADAS,RCK-002111,IMPORTADO_CERRADO,,
2153,legacy-csv-service-3761657,3761657,CERRADO,HABILITADAS,RCK-002112,IMPORTADO_CERRADO,,
2154,legacy-csv-service-3761658,3761658,CERRADO,HABILITADAS,RCK-002113,IMPORTADO_CERRADO,,
2155,legacy-csv-service-3761659,3761659,CERRADO,HABILITADAS,RCK-002114,IMPORTADO_CERRADO,,
2156,legacy-csv-service-3761660,3761660,CERRADO,HABILITADAS,RCK-002115,IMPORTADO_CERRADO,,
2157,legacy-csv-service-3761661,3761661,CERRADO,HABILITADAS,RCK-002116,IMPORTADO_CERRADO,,
2158,legacy-csv-service-3761662,3761662,CERRADO,HABILITADAS,RCK-002117,IMPORTADO_CERRADO,,
2159,legacy-csv-service-3761663,3761663,CERRADO,HABILITADAS,RCK-002118,IMPORTADO_CERRADO,,
2160,legacy-csv-service-3761664,3761664,CERRADO,HABILITADAS,RCK-002119,IMPORTADO_CERRADO,,
2161,legacy-csv-service-3761961,3761961,CERRADO,HABILITADAS,RCK-002120,IMPORTADO_CERRADO,,
2162,legacy-csv-service-3762596,3762596,CERRADO,HABILITADAS,RCK-002121,IMPORTADO_CERRADO,,
2163,legacy-csv-service-3762597,3762597,CERRADO,HABILITADAS,RCK-002122,IMPORTADO_CERRADO,,
2164,legacy-csv-service-3762598,3762598,CERRADO,HABILITADAS,RCK-002123,IMPORTADO_CERRADO,,
2165,legacy-csv-service-3762599,3762599,CERRADO,HABILITADAS,RCK-002124,IMPORTADO_CERRADO,,
2166,legacy-csv-service-C,C,CERRADO,HABILITADAS,RCK-002125,IMPORTADO_CERRADO,,
2167,legacy-csv-service-3762942,3762942,CERRADO,HABILITADAS,RCK-002126,IMPORTADO_CERRADO,,
2168,legacy-csv-service-3762943,3762943,CERRADO,HABILITADAS,RCK-002127,IMPORTADO_CERRADO,,
2169,legacy-csv-service-3763761,3763761,CERRADO,HABILITADAS,RCK-002128,IMPORTADO_CERRADO,,
2170,legacy-csv-service-3763762,3763762,CERRADO,HABILITADAS,RCK-002129,IMPORTADO_CERRADO,,
2171,legacy-csv-service-3763763,3763763,CERRADO,HABILITADAS,RCK-002130,IMPORTADO_CERRADO,,
2172,legacy-csv-service-3763764,3763764,CERRADO,HABILITADAS,RCK-002131,IMPORTADO_CERRADO,,
2173,legacy-csv-service-3763773,3763773,CERRADO,HABILITADAS,RCK-002132,IMPORTADO_CERRADO,,
2174,legacy-csv-service-3764804,3764804,CERRADO,HABILITADAS,RCK-002133,IMPORTADO_CERRADO,,
2175,legacy-csv-service-3764805,3764805,CERRADO,HABILITADAS,RCK-002134,IMPORTADO_CERRADO,,
2176,legacy-csv-service-3764806,3764806,CERRADO,HABILITADAS,RCK-002135,IMPORTADO_CERRADO,,
2177,legacy-csv-service-3764807,3764807,CERRADO,HABILITADAS,RCK-002136,IMPORTADO_CERRADO,,
2178,legacy-csv-service-3765224,3765224,CERRADO,HABILITADAS,RCK-002137,IMPORTADO_CERRADO,,
2179,legacy-csv-service-3765208,3765208,CERRADO,HABILITADAS,RCK-002138,IMPORTADO_CERRADO,,
2180,legacy-csv-service-3765226,3765226,CERRADO,HABILITADAS,RCK-002139,IMPORTADO_CERRADO,,
2181,legacy-csv-service-3765910,3765910,CERRADO,HABILITADAS,RCK-002140,IMPORTADO_CERRADO,,
2182,legacy-csv-service-3766227,3766227,CERRADO,HABILITADAS,RCK-002141,IMPORTADO_CERRADO,,
2183,legacy-csv-service-3766226,3766226,CERRADO,HABILITADAS,RCK-002142,IMPORTADO_CERRADO,,
2184,legacy-csv-service-3766228,3766228,CERRADO,HABILITADAS,RCK-002143,IMPORTADO_CERRADO,,
2185,legacy-csv-service-3767840,3767840,CERRADO,HABILITADAS,RCK-002144,IMPORTADO_CERRADO,,
2186,legacy-csv-service-3767841,3767841,CERRADO,HABILITADAS,RCK-002145,IMPORTADO_CERRADO,,
2187,legacy-csv-service-3767842,3767842,CERRADO,HABILITADAS,RCK-002146,IMPORTADO_CERRADO,,
2188,legacy-csv-service-3768186,3768186,CERRADO,HABILITADAS,RCK-002147,IMPORTADO_CERRADO,,
2189,legacy-csv-service-3768187,3768187,CERRADO,HABILITADAS,RCK-002148,IMPORTADO_CERRADO,,
2190,legacy-csv-service-3768188,3768188,CERRADO,HABILITADAS,RCK-002149,IMPORTADO_CERRADO,,
2191,legacy-csv-service-3768189,3768189,CERRADO,HABILITADAS,RCK-002150,IMPORTADO_CERRADO,,
2192,legacy-csv-service-3768190,3768190,CERRADO,HABILITADAS,RCK-002151,IMPORTADO_CERRADO,,
2193,legacy-csv-service-3768191,3768191,CERRADO,HABILITADAS,RCK-002152,IMPORTADO_CERRADO,,
2194,legacy-csv-service-3768542,3768542,CERRADO,HABILITADAS,RCK-002153,IMPORTADO_CERRADO,,
2195,legacy-csv-service-3768543,3768543,CERRADO,HABILITADAS,RCK-002154,IMPORTADO_CERRADO,,
2196,legacy-csv-service-3768544,3768544,CERRADO,HABILITADAS,RCK-002155,IMPORTADO_CERRADO,,
2197,legacy-csv-service-3773224,3773224,CERRADO,HABILITADAS,RCK-002156,IMPORTADO_CERRADO,,
2198,legacy-csv-service-3773238,3773238,CERRADO,HABILITADAS,RCK-002157,IMPORTADO_CERRADO,,
2199,legacy-csv-service-3773239,3773239,CERRADO,HABILITADAS,RCK-002158,IMPORTADO_CERRADO,,
2200,legacy-csv-service-3773598,3773598,CERRADO,HABILITADAS,RCK-002159,IMPORTADO_CERRADO,,
2201,legacy-csv-service-3773599,3773599,CERRADO,HABILITADAS,RCK-002160,IMPORTADO_CERRADO,,
2202,legacy-csv-service-3774158,3774158,CERRADO,HABILITADAS,RCK-002161,IMPORTADO_CERRADO,,
2203,legacy-csv-service-3774159,3774159,CERRADO,HABILITADAS,RCK-002162,IMPORTADO_CERRADO,,
2204,legacy-csv-service-3774160,3774160,CERRADO,HABILITADAS,RCK-002163,IMPORTADO_CERRADO,,
2205,legacy-csv-service-3774161,3774161,CERRADO,HABILITADAS,RCK-002164,IMPORTADO_CERRADO,,
2206,legacy-csv-service-3774173,3774173,CERRADO,HABILITADAS,RCK-002165,IMPORTADO_CERRADO,,
2207,legacy-csv-service-3774174,3774174,CERRADO,HABILITADAS,RCK-002166,IMPORTADO_CERRADO,,
2208,legacy-csv-service-3774683,3774683,CERRADO,HABILITADAS,RCK-002167,IMPORTADO_CERRADO,,
2209,legacy-csv-service-3775240,3775240,CERRADO,HABILITADAS,RCK-002168,IMPORTADO_CERRADO,,
2210,legacy-csv-service-3775241,3775241,CERRADO,HABILITADAS,RCK-002169,IMPORTADO_CERRADO,,
2211,legacy-csv-service-3775242,3775242,CERRADO,HABILITADAS,RCK-002170,IMPORTADO_CERRADO,,
2212,legacy-csv-service-3775243,3775243,CERRADO,HABILITADAS,RCK-002171,IMPORTADO_CERRADO,,
2213,legacy-csv-service-3775244,3775244,CERRADO,HABILITADAS,RCK-002172,IMPORTADO_CERRADO,,
2214,legacy-csv-service-3775245,3775245,CERRADO,HABILITADAS,RCK-002173,IMPORTADO_CERRADO,,
2215,legacy-csv-service-3775246,3775246,CERRADO,HABILITADAS,RCK-002174,IMPORTADO_CERRADO,,
2216,legacy-csv-service-3775248,3775248,CERRADO,HABILITADAS,RCK-002175,IMPORTADO_CERRADO,,
2217,legacy-csv-service-3775249,3775249,CERRADO,HABILITADAS,RCK-002176,IMPORTADO_CERRADO,,
2218,legacy-csv-service-3775250,3775250,CERRADO,HABILITADAS,RCK-002177,IMPORTADO_CERRADO,,
2219,legacy-csv-service-3775251,3775251,CERRADO,HABILITADAS,RCK-002178,IMPORTADO_CERRADO,,
2220,legacy-csv-service-CE,CE,CERRADO,HABILITADAS,RCK-002179,IMPORTADO_CERRADO,,
2221,legacy-csv-service-3775255,3775255,CERRADO,HABILITADAS,RCK-002180,IMPORTADO_CERRADO,,
2222,legacy-csv-service-3775248,3775248,CERRADO,HABILITADAS,2175,EXISTING,,
2223,legacy-csv-service-3775246,3775246,CERRADO,HABILITADAS,2174,EXISTING,,
2224,legacy-csv-service-3775640,3775640,CERRADO,HABILITADAS,RCK-002181,IMPORTADO_CERRADO,,
2225,legacy-csv-service-3775998,3775998,CERRADO,HABILITADAS,RCK-002182,IMPORTADO_CERRADO,,
2226,legacy-csv-service-3775999,3775999,CERRADO,HABILITADAS,RCK-002183,IMPORTADO_CERRADO,,
2227,legacy-csv-service-3776001,3776001,CERRADO,HABILITADAS,RCK-002184,IMPORTADO_CERRADO,,
2228,legacy-csv-service-3776427,3776427,CERRADO,HABILITADAS,RCK-002185,IMPORTADO_CERRADO,,
2229,legacy-csv-service-3776785,3776785,CERRADO,HABILITADAS,RCK-002186,IMPORTADO_CERRADO,,
2230,legacy-csv-service-3776786,3776786,CERRADO,HABILITADAS,RCK-002187,IMPORTADO_CERRADO,,
2231,legacy-csv-service-3776787,3776787,CERRADO,HABILITADAS,RCK-002188,IMPORTADO_CERRADO,,
2232,legacy-csv-service-3776788,3776788,CERRADO,HABILITADAS,RCK-002189,IMPORTADO_CERRADO,,
2233,legacy-csv-service-3776789,3776789,CERRADO,HABILITADAS,RCK-002190,IMPORTADO_CERRADO,,
2234,legacy-csv-service-3777143,3777143,CERRADO,HABILITADAS,RCK-002191,IMPORTADO_CERRADO,,
2235,legacy-csv-service-3777144,3777144,CERRADO,HABILITADAS,RCK-002192,IMPORTADO_CERRADO,,
2236,legacy-csv-service-3777145,3777145,CERRADO,HABILITADAS,RCK-002193,IMPORTADO_CERRADO,,
2237,legacy-csv-service-3777146,3777146,CERRADO,HABILITADAS,RCK-002194,IMPORTADO_CERRADO,,
2238,legacy-csv-service-3777147,3777147,CERRADO,HABILITADAS,RCK-002195,IMPORTADO_CERRADO,,
2239,legacy-csv-service-3777148,3777148,CERRADO,HABILITADAS,RCK-002196,IMPORTADO_CERRADO,,
2240,legacy-csv-service-3777149,3777149,CERRADO,HABILITADAS,RCK-002197,IMPORTADO_CERRADO,,
2241,legacy-csv-service-3777150,3777150,CERRADO,HABILITADAS,RCK-002198,IMPORTADO_CERRADO,,
2242,legacy-csv-service-3777151,3777151,CERRADO,HABILITADAS,RCK-002199,IMPORTADO_CERRADO,,
2243,legacy-csv-service-CE,CE,CERRADO,HABILITADAS,2179,EXISTING,,
2244,legacy-csv-service-3777153,3777153,CERRADO,HABILITADAS,RCK-002200,IMPORTADO_CERRADO,,
2245,legacy-csv-service-3777154,3777154,CERRADO,HABILITADAS,RCK-002201,IMPORTADO_CERRADO,,
2246,legacy-csv-service-3777419,3777419,CERRADO,HABILITADAS,RCK-002202,IMPORTADO_CERRADO,,
2247,legacy-csv-service-3777429,3777429,CERRADO,HABILITADAS,RCK-002203,IMPORTADO_CERRADO,,
2248,legacy-csv-service-3777468,3777468,CERRADO,HABILITADAS,RCK-002204,IMPORTADO_CERRADO,,
2249,legacy-csv-service-3777482,3777482,CERRADO,HABILITADAS,RCK-002205,IMPORTADO_CERRADO,,
2250,legacy-csv-service-3777725,3777725,CERRADO,HABILITADAS,RCK-002206,IMPORTADO_CERRADO,,
2251,legacy-csv-service-3777736,3777736,CERRADO,HABILITADAS,RCK-002207,IMPORTADO_CERRADO,,
2252,legacy-csv-service-3777743,3777743,CERRADO,HABILITADAS,RCK-002208,IMPORTADO_CERRADO,,
2253,legacy-csv-394,3601808,MAL CARGADO,HABILITADAS,,SKIP_MAL_CARGADO,,
2254,legacy-csv-45,3567729,MAL CARGADO,HABILITADAS,,SKIP_MAL_CARGADO,,
2255,legacy-csv-57,MAL CARGADO,MAL CARGADO,,,SKIP_MAL_CARGADO,,
2256,legacy-csv-63,3569169,MAL CARGADO,BLOQUEADAS,,SKIP_MAL_CARGADO,,
2257,legacy-csv-102,MAL CARGADO,MAL CARGADO,HABILITADAS,,SKIP_MAL_CARGADO,,
2258,legacy-csv-116,3576365,MAL CARGADO,BLOQUEADAS,,SKIP_MAL_CARGADO,,
2259,legacy-csv-118,3576367,MAL CARGADO,BLOQUEADAS,,SKIP_MAL_CARGADO,,
2260,legacy-csv-119,3576367,MAL CARGADO,BLOQUEADAS,,SKIP_MAL_CARGADO,,
2261,legacy-csv-122,404 NOT FOUND FOTO,MAL CARGADO,BLOQUEADAS,,SKIP_MAL_CARGADO,,
2262,legacy-csv-126,404 NOT FOUND FOTO,MAL CARGADO,,,SKIP_MAL_CARGADO,,
2263,legacy-csv-128,3576373,MAL CARGADO,,,SKIP_MAL_CARGADO,,
2264,legacy-csv-157,3583611,MAL CARGADO,,,SKIP_MAL_CARGADO,,
2265,legacy-csv-167,3582490,MAL CARGADO,BLOQUEADAS,,SKIP_MAL_CARGADO,,
2266,legacy-csv-188,3582907,MAL CARGADO,,,SKIP_MAL_CARGADO,,
2267,legacy-csv-192,3582911,MAL CARGADO,,,SKIP_MAL_CARGADO,,
2268,legacy-csv-379,3600661,MAL CARGADO,,,SKIP_MAL_CARGADO,,
2269,legacy-csv-406,3603473,MAL CARGADO,,,SKIP_MAL_CARGADO,,
2270,legacy-csv-407,3603474,MAL CARGADO,,,SKIP_MAL_CARGADO,,
2271,legacy-csv-414,3604070,MAL CARGADO,HABILITADAS,,SKIP_MAL_CARGADO,,
2272,legacy-csv-105,404 NOT FOUND FOTO,MAL CARGADO,BLOQUEADAS,,SKIP_MAL_CARGADO,,
2273,legacy-csv-106,404 NOT FOUND FOTO,MAL CARGADO,BLOQUEADAS,,SKIP_MAL_CARGADO,,
2274,legacy-csv-243,-,MAL CARGADO,BLOQUEADAS,,SKIP_MAL_CARGADO,,
2275,legacy-csv-393,3601808,MAL CARGADO,BLOQUEADAS,,SKIP_MAL_CARGADO,,
2276,legacy-csv-395,3601808,MAL CARGADO,BLOQUEADAS,,SKIP_MAL_CARGADO,,
2277,legacy-csv-396,3601808,MAL CARGADO,HABILITADAS,,SKIP_MAL_CARGADO,,
2278,legacy-csv-427,3608111,MAL CARGADO,,,SKIP_MAL_CARGADO,,
2279,legacy-csv-434,3608609,MAL CARGADO,,,SKIP_MAL_CARGADO,,
2280,legacy-csv-488,3610818,MAL CARGADO,BLOQUEADAS,,SKIP_MAL_CARGADO,,
2281,legacy-csv-489,3610822,MAL CARGADO,,,SKIP_MAL_CARGADO,,
2282,legacy-csv-490,3610823,MAL CARGADO,,,SKIP_MAL_CARGADO,,
2283,legacy-csv-574,3613017,MAL CARGADO,HABILITADAS,,SKIP_MAL_CARGADO,,
2284,legacy-csv-593,3615140,MAL CARGADO,,,SKIP_MAL_CARGADO,,
2285,legacy-csv-594,3615142,MAL CARGADO,,,SKIP_MAL_CARGADO,,
2286,legacy-csv-595,3615143,MAL CARGADO,,,SKIP_MAL_CARGADO,,
2287,legacy-csv-658,3620374,MAL CARGADO,BLOQUEADAS,,SKIP_MAL_CARGADO,,
2288,legacy-csv-793,3634738,MAL CARGADO,BLOQUEADAS,,SKIP_MAL_CARGADO,,
2289,legacy-csv-815,3637368,MAL CARGADO,HABILITADAS,,SKIP_MAL_CARGADO,,
2290,legacy-csv-887,3641080,MAL CARGADO,,,SKIP_MAL_CARGADO,,
2291,legacy-csv-/,3641089,MAL CARGADO,,,SKIP_MAL_CARGADO,,
2292,legacy-csv-905,3641098,MAL CARGADO,,,SKIP_MAL_CARGADO,,
2293,legacy-csv-921,3642735,MAL CARGADO,HABILITADAS,,SKIP_MAL_CARGADO,,
2294,legacy-csv-936,MAL CARGADO,MAL CARGADO,MAL CARGADO,,SKIP_MAL_CARGADO,,
2295,legacy-csv-937,MAL CARGADO,MAL CARGADO,MAL CARGADO,,SKIP_MAL_CARGADO,,
2296,legacy-csv-939,MAL CARGADO,MAL CARGADO,MAL CARGADO,,SKIP_MAL_CARGADO,,
2297,legacy-csv-944,3647842,MAL CARGADO,,,SKIP_MAL_CARGADO,,
2298,legacy-csv-983,MAL CARGADO,MAL CARGADO,,,SKIP_MAL_CARGADO,,
2299,legacy-csv-995,,MAL CARGADO,,,SKIP_MAL_CARGADO,,
2300,legacy-csv-997,,MAL CARGADO,,,SKIP_MAL_CARGADO,,
2301,legacy-csv-998,3653249,MAL CARGADO,,,SKIP_MAL_CARGADO,,
2302,legacy-csv-1007,,MAL CARGADO,,,SKIP_MAL_CARGADO,,
2303,legacy-csv-1008,,MAL CARGADO,,,SKIP_MAL_CARGADO,,
2304,legacy-csv-1017,3652711,MAL CARGADO,,,SKIP_MAL_CARGADO,,
2305,legacy-csv-2,3652993,MAL CARGADO,BLOQUEADAS,,SKIP_MAL_CARGADO,,
2306,legacy-csv-1058,,MAL CARGADO,,,SKIP_MAL_CARGADO,,
2307,legacy-csv-1065,3653481,MAL CARGADO,,,SKIP_MAL_CARGADO,,
2308,legacy-csv-1091,3655347,MAL CARGADO,,,SKIP_MAL_CARGADO,,
2309,legacy-csv-row-2309,,MAL CARGADO,,,SKIP_MAL_CARGADO,,
2310,legacy-csv-1103,3655935,MAL CARGADO,,,SKIP_MAL_CARGADO,,
2311,legacy-csv-1167,3664063,MAL CARGADO,,,SKIP_MAL_CARGADO,,
2312,legacy-csv-1168,3664064,MAL CARGADO,,,SKIP_MAL_CARGADO,,
2313,legacy-csv-1172,3664416,MAL CARGADO,,,SKIP_MAL_CARGADO,,
2314,legacy-csv-row-2314,,MAL CARGADO,HABILITADAS,,SKIP_MAL_CARGADO,,
2315,legacy-csv-1257,3670834,MAL CARGADO,HABILITADAS,,SKIP_MAL_CARGADO,,
2316,legacy-csv-1261,3670836,MAL CARGADO,,,SKIP_MAL_CARGADO,,
2317,legacy-csv-1339,3678705,MAL CARGADO,,,SKIP_MAL_CARGADO,,
2318,legacy-csv-1358,3679858,MAL CARGADO,BLOQUEADAS,,SKIP_MAL_CARGADO,,
2319,legacy-csv-},3679859,MAL CARGADO,,,SKIP_MAL_CARGADO,,
2320,legacy-csv-1363,3679863,MAL CARGADO,,,SKIP_MAL_CARGADO,,
2321,legacy-csv-1369,3680153,MAL CARGADO,,,SKIP_MAL_CARGADO,,
2322,legacy-csv-1383,3680953,MAL CARGADO,MAL CARGADO,,SKIP_MAL_CARGADO,,
2323,legacy-csv-1411,3682107,MAL CARGADO,MAL CARGADO,,SKIP_MAL_CARGADO,,
2324,legacy-csv-1507,3684122,MAL CARGADO,,,SKIP_MAL_CARGADO,,
2325,legacy-csv-1558,3692403,MAL CARGADO,,,SKIP_MAL_CARGADO,,
2326,legacy-csv-1614,3694807,MAL CARGADO,HABILITADAS,,SKIP_MAL_CARGADO,,
2327,legacy-csv-1617,3695133,MAL CARGADO,BLOQUEADAS,,SKIP_MAL_CARGADO,,
2328,legacy-csv-1673,3697233,MAL CARGADO,,,SKIP_MAL_CARGADO,,
2329,legacy-csv-1753,3707589,MAL CARGADO,BLOQUEADAS,,SKIP_MAL_CARGADO,,
2330,legacy-csv-1823,MAL CARGADO,MAL CARGADO,HABILITADAS,,SKIP_MAL_CARGADO,,
2331,legacy-csv-295,3600682,,BLOQUEADAS,RCK-002209,IMPORTADO_POSICION_BLOQUEADA,,
2332,legacy-csv-938,MAL CARGADO,,HABILITADAS,,SKIP_MAL_CARGADO,,
2333,legacy-csv-940,MAL CARGADO,,BLOQUEADAS,,SKIP_MAL_CARGADO,,
2334,legacy-csv-941,MAL CARGADO,,BLOQUEADAS,,SKIP_MAL_CARGADO,,
2335,legacy-csv-942,MAL CARGADO,,BLOQUEADAS,,SKIP_MAL_CARGADO,,
2336,legacy-csv-943,MAL CARGADO,,BLOQUEADAS,,SKIP_MAL_CARGADO,,
2337,legacy-csv-946,MAL CARGADO,,,,SKIP_MAL_CARGADO,,
2338,legacy-csv-963,MAL CARGADO,,,,SKIP_MAL_CARGADO,,
2339,legacy-csv-1476,MAL CARGADO,,,,SKIP_MAL_CARGADO,,
2340,legacy-csv-1477,MAL CARGADO,,,,SKIP_MAL_CARGADO,,
2341,legacy-csv-1478,MAL CARGADO,,,,SKIP_MAL_CARGADO,,
2342,legacy-csv-1479,MAL CARGADO,,,,SKIP_MAL_CARGADO,,
2343,legacy-csv-1480,MAL CARGADO,,,,SKIP_MAL_CARGADO,,
2344,legacy-csv-1481,MAL CARGADO,,,,SKIP_MAL_CARGADO,,
2345,legacy-csv-1482,MAL CARGADO,,,,SKIP_MAL_CARGADO,,
2346,legacy-csv-1483,MAL CARGADO,,,,SKIP_MAL_CARGADO,,
2347,legacy-csv-1484,MAL CARGADO,,,,SKIP_MAL_CARGADO,,
2348,legacy-csv-1485,MAL CARGADO,,,,SKIP_MAL_CARGADO,,
2349,legacy-csv-1486,MAL CARGADO,,,,SKIP_MAL_CARGADO,,
2350,legacy-csv-1487,MAL CARGADO,,,,SKIP_MAL_CARGADO,,
2351,legacy-csv-1488,MAL CARGADO,,,,SKIP_MAL_CARGADO,,
2352,legacy-csv-1489,MAL CARGADO,,,,SKIP_MAL_CARGADO,,
2353,legacy-csv-1490,MAL CARGADO,,,,SKIP_MAL_CARGADO,,
2354,legacy-csv-1491,MAL CARGADO,,,,SKIP_MAL_CARGADO,,
2355,legacy-csv-1492,MAL CARGADO,,,,SKIP_MAL_CARGADO,,
2356,legacy-csv-1493,MAL CARGADO,,,,SKIP_MAL_CARGADO,,
2357,legacy-csv-1513,MAL CARGADO,,,,SKIP_MAL_CARGADO,,
2358,legacy-csv-1711,MAL CARGADO,,,,SKIP_MAL_CARGADO,,
2359,legacy-csv-1861,MAL CARGADO,,HABILITADAS,,SKIP_MAL_CARGADO,,
2360,legacy-csv-1897,3717462,CERRADO,HABILITADAS,RCK-002210,IMPORTADO_CERRADO,,
2361,legacy-csv-1957,MAL CARGADO,,HABILITADAS,,SKIP_MAL_CARGADO,,
2362,legacy-csv-1960,MAL CARGADO,,,,SKIP_MAL_CARGADO,,
2363,legacy-csv-service-MAL CARGADO,MAL CARGADO,,,,SKIP_MAL_CARGADO,,
2364,legacy-csv-1972,MAL CARGADO,,,,SKIP_MAL_CARGADO,,
2365,legacy-csv-1973,MAL CARGADO,,,,SKIP_MAL_CARGADO,,
2366,legacy-csv-1974,MAL CARGADO,,,,SKIP_MAL_CARGADO,,
2367,legacy-csv-1975,MAL CARGADO,,,,SKIP_MAL_CARGADO,,
2368,legacy-csv-1976,MAL CARGADO,,,,SKIP_MAL_CARGADO,,
2369,legacy-csv-1977,MAL CARGADO,,,,SKIP_MAL_CARGADO,,
2370,legacy-csv-2017,MAL CARGADO,,,,SKIP_MAL_CARGADO,,
2371,legacy-csv-2018,,,BLOQUEADAS,RCK-002211,IMPORTADO_POSICION_BLOQUEADA,,
2372,legacy-csv-2020,,,BLOQUEADAS,RCK-002212,IMPORTADO_POSICION_BLOQUEADA,,
2373,legacy-csv-service-MAL CARGADO,MAL CARGADO,,,,SKIP_MAL_CARGADO,,
2374,legacy-csv-service-MAL CARGADO,MAL CARGADO,,,,SKIP_MAL_CARGADO,,
2375,legacy-csv-service-C,C,CERRADO,HABILITADAS,2125,EXISTING,,
2376,legacy-csv-service-MAL CARGADO,MAL CARGADO,,HABILITADAS,,SKIP_MAL_CARGADO,,
2377,legacy-csv-service-MAL CARGADO,MAL CARGADO,,BLOQUEADAS,,SKIP_MAL_CARGADO,,
2378,legacy-csv-service-MAL CARGADO,MAL CARGADO,,BLOQUEADAS,,SKIP_MAL_CARGADO,,
2379,legacy-csv-row-2379,,,HABILITADAS,RCK-002213,IMPORTADO_CERRADO,,
2380,legacy-csv-service-MAL CARGADO,MAL CARGADO,,,,SKIP_MAL_CARGADO,,
2381,legacy-csv-service-MAL CARGADO,MAL CARGADO,,,,SKIP_MAL_CARGADO,,
2382,legacy-csv-service-MAL CARGADO,MAL CARGADO,,,,SKIP_MAL_CARGADO,,
2383,legacy-csv-service-MAL CARGADO,MAL CARGADO,,,,SKIP_MAL_CARGADO,,
2384,legacy-csv-service-MAL CARGADO,MAL CARGADO,,,,SKIP_MAL_CARGADO,,
2385,legacy-csv-service-MAL CARGADO,MAL CARGADO,,HABILITADAS,,SKIP_MAL_CARGADO,,
2386,legacy-csv-service-3748507,3748507,CERRADO,HABILITADAS,RCK-002214,IMPORTADO_CERRADO,,
2387,legacy-csv-service-3748510,3748510,CERRADO,HABILITADAS,RCK-002215,IMPORTADO_CERRADO,,
2388,legacy-csv-service-MAL CARGADO,MAL CARGADO,,,,SKIP_MAL_CARGADO,,
2389,legacy-csv-row-2389,,,BLOQUEADAS,,ERROR_VALIDACION,Falta nivel.,Niveles invalidos ignorados: 3
2390,legacy-csv-row-2390,,,BLOQUEADAS,RCK-002216,IMPORTADO_POSICION_BLOQUEADA,,
2391,legacy-csv-service-MAL CARGADO,MAL CARGADO,,,,SKIP_MAL_CARGADO,,
2392,legacy-csv-service-MAL CARGADO,MAL CARGADO,,,,SKIP_MAL_CARGADO,,
2393,legacy-csv-service-3760216,3760216,,BLOQUEADAS,RCK-002217,IMPORTADO_POSICION_BLOQUEADA,,
2394,legacy-csv-service-MAL CARGADO,MAL CARGADO,,,,SKIP_MAL_CARGADO,,
2395,legacy-csv-service-MAL CARGADO,MAL CARGADO,,,,SKIP_MAL_CARGADO,,
2396,legacy-csv-row-2396,,,BLOQUEADAS,RCK-002218,IMPORTADO_POSICION_BLOQUEADA,,
2397,legacy-csv-row-2397,,,HABILITADAS,RCK-002219,IMPORTADO_CERRADO,,
2398,legacy-csv-service-3765909,3765909,CERRADO,HABILITADAS,RCK-002220,IMPORTADO_CERRADO,,
2399,legacy-csv-service-C,C,CERRADO,HABILITADAS,2125,EXISTING,,
2400,legacy-csv-row-2400,,,BLOQUEADAS,RCK-002221,IMPORTADO_POSICION_BLOQUEADA,,
2401,legacy-csv-service-MAL CARGADO,MAL CARGADO,,BLOQUEADAS,,SKIP_MAL_CARGADO,,
2402,legacy-csv-service-MAL CARGADO,MAL CARGADO,,BLOQUEADAS,,SKIP_MAL_CARGADO,,
2403,legacy-csv-service-MAL CARGADO,MAL CARGADO,,,,SKIP_MAL_CARGADO,,
2404,legacy-csv-row-2404,,,BLOQUEADAS,RCK-002222,IMPORTADO_POSICION_BLOQUEADA,,
2405,legacy-csv-service-MAL CARGADO,MAL CARGADO,,BLOQUEADAS,,SKIP_MAL_CARGADO,,
2406,legacy-csv-service-MAL CARGADO,MAL CARGADO,,HABILITADAS,,SKIP_MAL_CARGADO,,
2407,legacy-csv-row-2407,,,BLOQUEADAS,RCK-002223,IMPORTADO_POSICION_BLOQUEADA,,
2408,legacy-csv-service-MAL CARGADO,MAL CARGADO,,HABILITADAS,,SKIP_MAL_CARGADO,,
2409,legacy-csv-service-MAL CARGADO,MAL CARGADO,,,,SKIP_MAL_CARGADO,,
2410,legacy-csv-service-3793309,3793309,,BLOQUEADAS,RCK-002224,IMPORTADO_POSICION_BLOQUEADA,,
2411,legacy-csv-service-MAL CARGADO,MAL CARGADO,,BLOQUEADAS,,SKIP_MAL_CARGADO,,
2412,legacy-csv-row-2412,,,BLOQUEADAS,RCK-002225,IMPORTADO_POSICION_BLOQUEADA,,
2413,legacy-csv-service-3779980,3779980,CERRADO,HABILITADAS,RCK-002226,IMPORTADO_CERRADO,,
2414,legacy-csv-service-3779981,3779981,CERRADO,HABILITADAS,RCK-002227,IMPORTADO_CERRADO,,
2415,legacy-csv-service-3774165,3774165,CERRADO,HABILITADAS,RCK-002228,IMPORTADO_CERRADO,,
2416,legacy-csv-row-2416,,,BLOQUEADAS,RCK-002229,IMPORTADO_POSICION_BLOQUEADA,,
2417,legacy-csv-service-3793310,3793310,CERRADO,HABILITADAS,RCK-002230,IMPORTADO_CERRADO,,
2418,legacy-csv-service-MAL CARGADO,MAL CARGADO,,,,SKIP_MAL_CARGADO,,
2419,legacy-csv-service-MAL CARGADO,MAL CARGADO,,,,SKIP_MAL_CARGADO,,
2420,legacy-csv-service-MAL CARGADO,MAL CARGADO,,HABILITADAS,,SKIP_MAL_CARGADO,,
2421,legacy-csv-service-MAL CARGADO,MAL CARGADO,,,,SKIP_MAL_CARGADO,,
2422,legacy-csv-service-MAL CARGADO,MAL CARGADO,,BLOQUEADAS,,SKIP_MAL_CARGADO,,
2423,legacy-csv-service-3776000,3776000,,BLOQUEADAS,RCK-002231,IMPORTADO_POSICION_BLOQUEADA,,
2424,legacy-csv-service-MAL CARGADO,MAL CARGADO,,,,SKIP_MAL_CARGADO,,
2425,legacy-csv-service-MAL CARGADO,MAL CARGADO,,BLOQUEADAS,,SKIP_MAL_CARGADO,,
2426,legacy-csv-service-MAL CARGADO,MAL CARGADO,,,,SKIP_MAL_CARGADO,,
2427,legacy-csv-service-MAL CARGADO,MAL CARGADO,,,,SKIP_MAL_CARGADO,,
2428,legacy-csv-service-3777744,3777744,CERRADO,HABILITADAS,RCK-002232,IMPORTADO_CERRADO,,
2429,legacy-csv-service-MAL CARGADO,MAL CARGADO,,,,SKIP_MAL_CARGADO,,
2430,legacy-csv-service-3778089,3778089,CERRADO,HABILITADAS,RCK-002233,IMPORTADO_CERRADO,,
2431,legacy-csv-service-MAL CARGADO,MAL CARGADO,,HABILITADAS,,SKIP_MAL_CARGADO,,
2432,legacy-csv-service-3778417,3778417,CERRADO,HABILITADAS,RCK-002234,IMPORTADO_CERRADO,,
2433,legacy-csv-service-3778418,3778418,CERRADO,HABILITADAS,RCK-002235,IMPORTADO_CERRADO,,
2434,legacy-csv-service-3778419,3778419,CERRADO,HABILITADAS,RCK-002236,IMPORTADO_CERRADO,,
2435,legacy-csv-service-3778214,3778214,CERRADO,HABILITADAS,RCK-002237,IMPORTADO_CERRADO,,
2436,legacy-csv-service-3778420,3778420,CERRADO,HABILITADAS,RCK-002238,IMPORTADO_CERRADO,,
2437,legacy-csv-service-3778421,3778421,CERRADO,HABILITADAS,RCK-002239,IMPORTADO_CERRADO,,Niveles invalidos ignorados: P
2438,legacy-csv-service-3778713,3778713,CERRADO,HABILITADAS,RCK-002240,IMPORTADO_CERRADO,,
2439,legacy-csv-service-3778714,3778714,CERRADO,HABILITADAS,RCK-002241,IMPORTADO_CERRADO,,
2440,legacy-csv-service-3778732,3778732,CERRADO,HABILITADAS,RCK-002242,IMPORTADO_CERRADO,,
2441,legacy-csv-service-3779341,3779341,CERRADO,HABILITADAS,RCK-002243,IMPORTADO_CERRADO,,
2442,legacy-csv-service-3779342,3779342,CERRADO,HABILITADAS,RCK-002244,IMPORTADO_CERRADO,,
2443,legacy-csv-service-3779343,3779343,CERRADO,HABILITADAS,RCK-002245,IMPORTADO_CERRADO,,
2444,legacy-csv-service-3779344,3779344,CERRADO,HABILITADAS,RCK-002246,IMPORTADO_CERRADO,,
2445,legacy-csv-service-3779345,3779345,CERRADO,HABILITADAS,RCK-002247,IMPORTADO_CERRADO,,
2446,legacy-csv-service-3779346,3779346,CERRADO,HABILITADAS,RCK-002248,IMPORTADO_CERRADO,,
2447,legacy-csv-service-3779347,3779347,CERRADO,HABILITADAS,RCK-002249,IMPORTADO_CERRADO,,
2448,legacy-csv-service-3779365,3779365,CERRADO,HABILITADAS,RCK-002250,IMPORTADO_CERRADO,,
2449,legacy-csv-service-3779626,3779626,CERRADO,BLOQUEADAS,RCK-002251,IMPORTADO_CERRADO,,
2450,legacy-csv-service-3779628,3779628,CERRADO,HABILITADAS,RCK-002252,IMPORTADO_CERRADO,,
2451,legacy-csv-service-3779629,3779629,CERRADO,HABILITADAS,RCK-002253,IMPORTADO_CERRADO,,
2452,legacy-csv-service-3779630,3779630,CERRADO,HABILITADAS,RCK-002254,IMPORTADO_CERRADO,,
2453,legacy-csv-service-3779967,3779967,CERRADO,HABILITADAS,RCK-002255,IMPORTADO_CERRADO,,
2454,legacy-csv-service-3779968,3779968,CERRADO,HABILITADAS,RCK-002256,IMPORTADO_CERRADO,,
2455,legacy-csv-service-3779969,3779969,CERRADO,HABILITADAS,RCK-002257,IMPORTADO_CERRADO,,
2456,legacy-csv-service-3779970,3779970,CERRADO,HABILITADAS,RCK-002258,IMPORTADO_CERRADO,,
2457,legacy-csv-service-3780006,3780006,CERRADO,HABILITADAS,RCK-002259,IMPORTADO_CERRADO,,
2458,legacy-csv-service-3780430,3780430,CERRADO,HABILITADAS,RCK-002260,IMPORTADO_CERRADO,,
2459,legacy-csv-service-3780431,3780431,CERRADO,HABILITADAS,RCK-002261,IMPORTADO_CERRADO,,
2460,legacy-csv-service-3780521,3780521,CERRADO,HABILITADAS,RCK-002262,IMPORTADO_CERRADO,,
2461,legacy-csv-service-3780543,3780543,CERRADO,HABILITADAS,RCK-002263,IMPORTADO_CERRADO,,
2462,legacy-csv-service-3780758,3780758,CERRADO,HABILITADAS,RCK-002264,IMPORTADO_CERRADO,,
2463,legacy-csv-service-3780759,3780759,CERRADO,HABILITADAS,RCK-002265,IMPORTADO_CERRADO,,
2464,legacy-csv-service-3780895,3780895,CERRADO,HABILITADAS,RCK-002266,IMPORTADO_CERRADO,,
2465,legacy-csv-service-3781095,3781095,CERRADO,HABILITADAS,RCK-002267,IMPORTADO_CERRADO,,
2466,legacy-csv-service-3781096,3781096,CERRADO,HABILITADAS,RCK-002268,IMPORTADO_CERRADO,,
2467,legacy-csv-service-MAL CARGADO,MAL CARGADO,,HABILITADAS,,SKIP_MAL_CARGADO,,
2468,legacy-csv-service-3781361,3781361,CERRADO,HABILITADAS,RCK-002269,IMPORTADO_CERRADO,,
2469,legacy-csv-service-3781382,3781382,CERRADO,HABILITADAS,RCK-002270,IMPORTADO_CERRADO,,
2470,legacy-csv-service-3781383,3781383,CERRADO,HABILITADAS,RCK-002271,IMPORTADO_CERRADO,,
2471,legacy-csv-service-3781384,3781384,CERRADO,HABILITADAS,RCK-002272,IMPORTADO_CERRADO,,
2472,legacy-csv-service-3781385,3781385,CERRADO,HABILITADAS,RCK-002273,IMPORTADO_CERRADO,,
2473,legacy-csv-service-3781386,3781386,CERRADO,HABILITADAS,RCK-002274,IMPORTADO_CERRADO,,
2474,legacy-csv-service-3781387,3781387,CERRADO,HABILITADAS,RCK-002275,IMPORTADO_CERRADO,,
2475,legacy-csv-service-3781712,3781712,CERRADO,HABILITADAS,RCK-002276,IMPORTADO_CERRADO,,
2476,legacy-csv-service-3781713,3781713,CERRADO,HABILITADAS,RCK-002277,IMPORTADO_CERRADO,,
2477,legacy-csv-service-3781714,3781714,CERRADO,HABILITADAS,RCK-002278,IMPORTADO_CERRADO,,
2478,legacy-csv-service-3781701,3781701,CERRADO,HABILITADAS,RCK-002279,IMPORTADO_CERRADO,,
2479,legacy-csv-service-3781702,3781702,CERRADO,HABILITADAS,RCK-002280,IMPORTADO_CERRADO,,
2480,legacy-csv-service-3781703,3781703,CERRADO,HABILITADAS,RCK-002281,IMPORTADO_CERRADO,,
2481,legacy-csv-service-3781704,3781704,CERRADO,HABILITADAS,RCK-002282,IMPORTADO_CERRADO,,
2482,legacy-csv-service-3781705,3781705,CERRADO,HABILITADAS,RCK-002283,IMPORTADO_CERRADO,,
2483,legacy-csv-service-3781706,3781706,CERRADO,HABILITADAS,RCK-002284,IMPORTADO_CERRADO,,
2484,legacy-csv-service-3789435,3789435,CERRADO,HABILITADAS,RCK-002285,IMPORTADO_CERRADO,,
2485,legacy-csv-service-3781707,3781707,CERRADO,HABILITADAS,RCK-002286,IMPORTADO_CERRADO,,
2486,legacy-csv-service-3781708,3781708,CERRADO,HABILITADAS,RCK-002287,IMPORTADO_CERRADO,,
2487,legacy-csv-service-3781709,3781709,CERRADO,HABILITADAS,RCK-002288,IMPORTADO_CERRADO,,
2488,legacy-csv-service-3781710,3781710,CERRADO,HABILITADAS,RCK-002289,IMPORTADO_CERRADO,,
2489,legacy-csv-service-3781711,3781711,CERRADO,HABILITADAS,RCK-002290,IMPORTADO_CERRADO,,
2490,legacy-csv-service-3781729,3781729,CERRADO,HABILITADAS,RCK-002291,IMPORTADO_CERRADO,,
2491,legacy-csv-service-3781730,3781730,CERRADO,HABILITADAS,RCK-002292,IMPORTADO_CERRADO,,
2492,legacy-csv-service-3781731,3781731,CERRADO,HABILITADAS,RCK-002293,IMPORTADO_CERRADO,,
2493,legacy-csv-service-3781732,3781732,CERRADO,HABILITADAS,RCK-002294,IMPORTADO_CERRADO,,
2494,legacy-csv-service-3781733,3781733,CERRADO,HABILITADAS,RCK-002295,IMPORTADO_CERRADO,,
2495,legacy-csv-service-C,C,CERRADO,HABILITADAS,2125,EXISTING,,
2496,legacy-csv-service-3782109,3782109,CERRADO,HABILITADAS,RCK-002296,IMPORTADO_CERRADO,,
2497,legacy-csv-service-3782110,3782110,CERRADO,HABILITADAS,RCK-002297,IMPORTADO_CERRADO,,
2498,legacy-csv-service-3787901,3787901,CERRADO,HABILITADAS,RCK-002298,IMPORTADO_CERRADO,,
2499,legacy-csv-service-MAL CARGADO,MAL CARGADO,,,,SKIP_MAL_CARGADO,,
2500,legacy-csv-service-MAL CARGADO,MAL CARGADO,,,,SKIP_MAL_CARGADO,,
2501,legacy-csv-service-3787908,3787908,CERRADO,HABILITADAS,RCK-002299,IMPORTADO_CERRADO,,
2502,legacy-csv-service-C,C,CERRADO,HABILITADAS,2125,EXISTING,,
2503,legacy-csv-service-MAL CARGADO,MAL CARGADO,,,,SKIP_MAL_CARGADO,,
2504,legacy-csv-service-MAL CARGADO,MAL CARGADO,,,,SKIP_MAL_CARGADO,,
2505,legacy-csv-service-3787910,3787910,CERRADO,HABILITADAS,RCK-002300,IMPORTADO_CERRADO,,
2506,legacy-csv-service-3787914,3787914,CERRADO,HABILITADAS,RCK-002301,IMPORTADO_CERRADO,,
2507,legacy-csv-service-3788211,3788211,CERRADO,HABILITADAS,RCK-002302,IMPORTADO_CERRADO,,
2508,legacy-csv-service-3788217,3788217,CERRADO,HABILITADAS,RCK-002303,IMPORTADO_CERRADO,,
2509,legacy-csv-service-3788218,3788218,CERRADO,BLOQUEADAS,RCK-002304,IMPORTADO_CERRADO,,
2510,legacy-csv-service-3788881,3788881,CERRADO,HABILITADAS,,ERROR_VALIDACION,Falta nivel.,Niveles invalidos ignorados: P
2511,legacy-csv-service-3788882,3788882,CERRADO,HABILITADAS,,ERROR_VALIDACION,Falta nivel.,Niveles invalidos ignorados: P
2512,legacy-csv-service-3789448,3789448,CERRADO,HABILITADAS,RCK-002305,IMPORTADO_CERRADO,,
2513,legacy-csv-service-3789831,3789831,CERRADO,HABILITADAS,RCK-002306,IMPORTADO_CERRADO,,
2514,legacy-csv-service-3789832,3789832,CERRADO,HABILITADAS,RCK-002307,IMPORTADO_CERRADO,,
2515,legacy-csv-service-3789833,3789833,CERRADO,HABILITADAS,RCK-002308,IMPORTADO_CERRADO,,
2516,legacy-csv-service-3789834,3789834,CERRADO,HABILITADAS,RCK-002309,IMPORTADO_CERRADO,,
2517,legacy-csv-service-3789785,3789785,CERRADO,HABILITADAS,RCK-002310,IMPORTADO_CERRADO,,
2518,legacy-csv-service-3790086,3790086,CERRADO,HABILITADAS,RCK-002311,IMPORTADO_CERRADO,,
2519,legacy-csv-service-3790088,3790088,CERRADO,HABILITADAS,RCK-002312,IMPORTADO_CERRADO,,
2520,legacy-csv-service-3790089,3790089,CERRADO,HABILITADAS,RCK-002313,IMPORTADO_CERRADO,,
2521,legacy-csv-service-MAL CARGADO,MAL CARGADO,,HABILITADAS,,SKIP_MAL_CARGADO,,
2522,legacy-csv-service-C,C,CERRADO,HABILITADAS,2125,EXISTING,,
2523,legacy-csv-service-3790402,3790402,CERRADO,HABILITADAS,RCK-002314,IMPORTADO_CERRADO,,
2524,legacy-csv-service-MAL CARGADO,MAL CARGADO,,HABILITADAS,,SKIP_MAL_CARGADO,,
2525,legacy-csv-service-3790666,3790666,CERRADO,HABILITADAS,RCK-002315,IMPORTADO_CERRADO,,
2526,legacy-csv-service-3790667,3790667,CERRADO,HABILITADAS,RCK-002316,IMPORTADO_CERRADO,,
2527,legacy-csv-service-3791056,3791056,CERRADO,HABILITADAS,RCK-002317,IMPORTADO_CERRADO,,
2528,legacy-csv-service-3791366,3791366,CERRADO,HABILITADAS,RCK-002318,IMPORTADO_CERRADO,,
2529,legacy-csv-service-3791367,3791367,CERRADO,HABILITADAS,RCK-002319,IMPORTADO_CERRADO,,
2530,legacy-csv-service-3791368,3791368,CERRADO,HABILITADAS,RCK-002320,IMPORTADO_CERRADO,,
2531,legacy-csv-service-3791369,3791369,CERRADO,HABILITADAS,RCK-002321,IMPORTADO_CERRADO,,
2532,legacy-csv-service-3791669,3791669,CERRADO,HABILITADAS,RCK-002322,IMPORTADO_CERRADO,,
2533,legacy-csv-service-3791671,3791671,CERRADO,HABILITADAS,RCK-002323,IMPORTADO_CERRADO,,
2534,legacy-csv-service-3791672,3791672,CERRADO,HABILITADAS,RCK-002324,IMPORTADO_CERRADO,,
2535,legacy-csv-service-3791673,3791673,CERRADO,HABILITADAS,RCK-002325,IMPORTADO_CERRADO,,
2536,legacy-csv-service-3791674,3791674,CERRADO,HABILITADAS,RCK-002326,IMPORTADO_CERRADO,,
2537,legacy-csv-service-3791675,3791675,CERRADO,HABILITADAS,RCK-002327,IMPORTADO_CERRADO,,
2538,legacy-csv-service-3791676,3791676,CERRADO,HABILITADAS,RCK-002328,IMPORTADO_CERRADO,,
2539,legacy-csv-service-3791677,3791677,CERRADO,HABILITADAS,RCK-002329,IMPORTADO_CERRADO,,
2540,legacy-csv-service-3791694,3791694,CERRADO,HABILITADAS,RCK-002330,IMPORTADO_CERRADO,,
2541,legacy-csv-service-3791695,3791695,CERRADO,HABILITADAS,RCK-002331,IMPORTADO_CERRADO,,
2542,legacy-csv-service-3791696,3791696,CERRADO,HABILITADAS,RCK-002332,IMPORTADO_CERRADO,,
2543,legacy-csv-service-3791697,3791697,CERRADO,HABILITADAS,RCK-002333,IMPORTADO_CERRADO,,
2544,legacy-csv-service-3791698,3791698,CERRADO,HABILITADAS,RCK-002334,IMPORTADO_CERRADO,,
2545,legacy-csv-service-3791699,3791699,CERRADO,HABILITADAS,RCK-002335,IMPORTADO_CERRADO,,
2546,legacy-csv-service-3792064,3792064,CERRADO,BLOQUEADAS,RCK-002336,IMPORTADO_CERRADO,,
2547,legacy-csv-service-3792065,3792065,CERRADO,BLOQUEADAS,RCK-002337,IMPORTADO_CERRADO,,
2548,legacy-csv-service-3792385,3792385,CERRADO,HABILITADAS,RCK-002338,IMPORTADO_CERRADO,,
2549,legacy-csv-service-3792977,3792977,CERRADO,HABILITADAS,RCK-002339,IMPORTADO_CERRADO,,
2550,legacy-csv-service-3792978,3792978,CERRADO,BLOQUEADAS,RCK-002340,IMPORTADO_CERRADO,,
2551,legacy-csv-service-3792979,3792979,CERRADO,HABILITADAS,RCK-002341,IMPORTADO_CERRADO,,
2552,legacy-csv-service-3793295,3793295,CERRADO,HABILITADAS,RCK-002342,IMPORTADO_CERRADO,,
2553,legacy-csv-service-3793296,3793296,CERRADO,HABILITADAS,RCK-002343,IMPORTADO_CERRADO,,
2554,legacy-csv-service-3793268,3793268,CERRADO,HABILITADAS,RCK-002344,IMPORTADO_CERRADO,,
2555,legacy-csv-service-3793314,3793314,CERRADO,HABILITADAS,RCK-002345,IMPORTADO_CERRADO,,
2556,legacy-csv-service-3793315,3793315,CERRADO,HABILITADAS,RCK-002346,IMPORTADO_CERRADO,,
2557,legacy-csv-service-3793317,3793317,CERRADO,HABILITADAS,RCK-002347,IMPORTADO_CERRADO,,
2558,legacy-csv-service-3793318,3793318,CERRADO,HABILITADAS,RCK-002348,IMPORTADO_CERRADO,,
2559,legacy-csv-service-3793637,3793637,,EN PROCESO,RCK-002349,IMPORTADO_PENDIENTE_TRASPASOS,,
2560,legacy-csv-service-3793603,3793603,,EN PROCESO,RCK-002350,IMPORTADO_PENDIENTE_TRASPASOS,,
2561,legacy-csv-service-3794018,3794018,CERRADO,HABILITADAS,RCK-002351,IMPORTADO_CERRADO,,
2562,legacy-csv-service-3794019,3794019,CERRADO,HABILITADAS,RCK-002352,IMPORTADO_CERRADO,,
2563,legacy-csv-service-3794020,3794020,CERRADO,HABILITADAS,RCK-002353,IMPORTADO_CERRADO,,
2564,legacy-csv-service-3795433,3795433,CERRADO,HABILITADAS,RCK-002354,IMPORTADO_CERRADO,,
2565,legacy-csv-service-3795434,3795434,,EN PROCESO,RCK-002355,IMPORTADO_PENDIENTE_TRASPASOS,,
2566,legacy-csv-service-MAL CARGADO,MAL CARGADO,,,,SKIP_MAL_CARGADO,,
2567,legacy-csv-service-3795435,3795435,,BLOQUEADAS,RCK-002356,IMPORTADO_POSICION_BLOQUEADA,,
2568,legacy-csv-service-3795436,3795436,CERRADO,,RCK-002357,IMPORTADO_CERRADO,,
2569,legacy-csv-service-MAL CARGADO,MAL CARGADO,,,,SKIP_MAL_CARGADO,,
2570,legacy-csv-MAL CARGADO,3795449,,EN PROCESO,RCK-002358,IMPORTADO_PENDIENTE_TRASPASOS,,
2571,legacy-csv-MAL CARGADO,MAL CARGADO,,,,SKIP_MAL_CARGADO,,
2572,legacy-csv-service-3795789,3795789,CERRADO,HABILITADAS,RCK-002359,IMPORTADO_CERRADO,,
2573,legacy-csv-service-3795790,3795790,CERRADO,HABILITADAS,RCK-002360,IMPORTADO_CERRADO,,
2574,legacy-csv-service-3795791,3795791,CERRADO,HABILITADAS,RCK-002361,IMPORTADO_CERRADO,,
2575,legacy-csv-service-3796173,3796173,CERRADO,BLOQUEADAS,RCK-002362,IMPORTADO_CERRADO,,
2576,legacy-csv-service-3796174,3796174,,EN PROCESO,RCK-002363,IMPORTADO_PENDIENTE_TRASPASOS,,
2577,legacy-csv-service-3796577,3796577,,EN PROCESO,RCK-002364,IMPORTADO_PENDIENTE_TRASPASOS,,
2578,legacy-csv-service-3796578,3796578,,EN PROCESO,RCK-002365,IMPORTADO_PENDIENTE_TRASPASOS,,
2579,legacy-csv-service-3801499,3801499,,BLOQUEADAS,RCK-002366,IMPORTADO_POSICION_BLOQUEADA,,
2580,legacy-csv-service-3801500,3801500,,BLOQUEADAS,RCK-002367,IMPORTADO_POSICION_BLOQUEADA,,
2581,legacy-csv-service-3801501,3801501,,EN PROCESO,RCK-002368,IMPORTADO_PENDIENTE_TRASPASOS,,
2582,legacy-csv-service-3801502,3801502,CERRADO,HABILITADAS,RCK-002369,IMPORTADO_CERRADO,,
2583,legacy-csv-service-3801503,3801503,CERRADO,HABILITADAS,RCK-002370,IMPORTADO_CERRADO,,
2584,legacy-csv-service-3801504,3801504,,EN PROCESO,RCK-002371,IMPORTADO_PENDIENTE_TRASPASOS,,
2585,legacy-csv-service-3801505,3801505,CERRADO,HABILITADAS,RCK-002372,IMPORTADO_CERRADO,,
2586,legacy-csv-service-3801879,3801879,,BLOQUEADAS,RCK-002373,IMPORTADO_POSICION_BLOQUEADA,,
2587,legacy-csv-service-3801880,3801880,,EN PROCESO,RCK-002374,IMPORTADO_PENDIENTE_TRASPASOS,,
2588,legacy-csv-service-NO EXISTE,NO EXISTE,,,RCK-002375,IMPORTADO_PENDIENTE_VALIDACION,,
2589,legacy-csv-service-3801882,3801882,,BLOQUEADAS,RCK-002376,IMPORTADO_POSICION_BLOQUEADA,,
2590,legacy-csv-service-3801883,3801883,,BLOQUEADAS,RCK-002377,IMPORTADO_POSICION_BLOQUEADA,,
2591,legacy-csv-service-NO EXISTE,NO EXISTE,,,2375,EXISTING,,
2592,legacy-csv-service-3802223,3802223,,EN PROCESO,RCK-002378,IMPORTADO_PENDIENTE_TRASPASOS,,
2593,legacy-csv-service-3802236,3802236,,EN PROCESO,RCK-002379,IMPORTADO_PENDIENTE_TRASPASOS,,
2594,legacy-csv-service-3802562,3802562,,EN PROCESO,RCK-002380,IMPORTADO_PENDIENTE_TRASPASOS,,
2595,legacy-csv-service-3802563,3802563,,,RCK-002381,IMPORTADO_PENDIENTE_VALIDACION,,
2596,legacy-csv-service-3802564,3802564,CERRADO,EN PROCESO,RCK-002382,IMPORTADO_CERRADO,,
2597,legacy-csv-service-3802565,3802565,CERRADO,,RCK-002383,IMPORTADO_CERRADO,,
2598,legacy-csv-service-3802566,3802566,,,RCK-002384,IMPORTADO_PENDIENTE_VALIDACION,,
2599,legacy-csv-service-3802567,3802567,CERRADO,BLOQUEADAS,RCK-002385,IMPORTADO_CERRADO,,
2600,legacy-csv-service-3802591,3802591,CERRADO,EN PROCESO,RCK-002386,IMPORTADO_CERRADO,,
2601,legacy-csv-service-3802592,3802592,,,RCK-002387,IMPORTADO_PENDIENTE_VALIDACION,,
2602,legacy-csv-service-3802927,3802927,,EN PROCESO,RCK-002388,IMPORTADO_PENDIENTE_TRASPASOS,,
2603,legacy-csv-service-C,C,CERRADO,EN PROCESO,2125,EXISTING,,
2604,legacy-csv-service-3802929,3802929,CERRADO,EN PROCESO,RCK-002389,IMPORTADO_CERRADO,,
2605,legacy-csv-service-3803614,3803614,,EN PROCESO,RCK-002390,IMPORTADO_PENDIENTE_TRASPASOS,,
2606,legacy-csv-service-3803615,3803615,,,RCK-002391,IMPORTADO_PENDIENTE_VALIDACION,,
2607,legacy-csv-service-3803616,3803616,CERRADO,,RCK-002392,IMPORTADO_CERRADO,,
2608,legacy-csv-service-3803617,3803617,CERRADO,,RCK-002393,IMPORTADO_CERRADO,,
2609,legacy-csv-service-3803618,3803618,,BLOQUEADAS,RCK-002394,IMPORTADO_POSICION_BLOQUEADA,,
2610,legacy-csv-service-3804021,3804021,,EN PROCESO,RCK-002395,IMPORTADO_PENDIENTE_TRASPASOS,,
2611,legacy-csv-service-3804033,3804033,,,RCK-002396,IMPORTADO_PENDIENTE_VALIDACION,,
2612,legacy-csv-service-3804034,3804034,,,RCK-002397,IMPORTADO_PENDIENTE_VALIDACION,,
2613,legacy-csv-service-3804035,3804035,,EN PROCESO,RCK-002398,IMPORTADO_PENDIENTE_TRASPASOS,,
2614,legacy-csv-service-3804036,3804036,,,RCK-002399,IMPORTADO_PENDIENTE_VALIDACION,,
2615,legacy-csv-service-3804037,3804037,,EN PROCESO,RCK-002400,IMPORTADO_PENDIENTE_TRASPASOS,,
2616,legacy-csv-service-3804396,3804396,,,RCK-002401,IMPORTADO_PENDIENTE_VALIDACION,,
2617,legacy-csv-service-3804397,3804397,,,RCK-002402,IMPORTADO_PENDIENTE_VALIDACION,,
2618,legacy-csv-service-3804398,3804398,,BLOQUEADAS,RCK-002403,IMPORTADO_POSICION_BLOQUEADA,,
2619,legacy-csv-service-3804339,3804339,,,RCK-002404,IMPORTADO_PENDIENTE_VALIDACION,,
2620,legacy-csv-service-3804340,3804340,,,RCK-002405,IMPORTADO_PENDIENTE_VALIDACION,,
2621,legacy-csv-service-3804342,3804342,,,RCK-002406,IMPORTADO_PENDIENTE_VALIDACION,,
2622,legacy-csv-service-3804399,3804399,,,RCK-002407,IMPORTADO_PENDIENTE_VALIDACION,,
2623,legacy-csv-service-3804400,3804400,,EN PROCESO,RCK-002408,IMPORTADO_PENDIENTE_TRASPASOS,,
2624,legacy-csv-service-3804401,3804401,,EN PROCESO,RCK-002409,IMPORTADO_PENDIENTE_TRASPASOS,,
2625,legacy-csv-service-3805161,3805161,,,RCK-002410,IMPORTADO_PENDIENTE_VALIDACION,,
2626,legacy-csv-service-3805162,3805162,,,RCK-002411,IMPORTADO_PENDIENTE_VALIDACION,,
2627,legacy-csv-service-3805163,3805163,,,RCK-002412,IMPORTADO_PENDIENTE_VALIDACION,,
2628,legacy-csv-service-3805164,3805164,,,RCK-002413,IMPORTADO_PENDIENTE_VALIDACION,,
2629,legacy-csv-service-3805123,3805123,,,RCK-002414,IMPORTADO_PENDIENTE_VALIDACION,,
2630,legacy-csv-service-3805138,3805138,,,RCK-002415,IMPORTADO_PENDIENTE_VALIDACION,,
2631,legacy-csv-service-3805165,3805165,,,RCK-002416,IMPORTADO_PENDIENTE_VALIDACION,,
2632,legacy-csv-service-3805166,3805166,,,RCK-002417,IMPORTADO_PENDIENTE_VALIDACION,,
2633,legacy-csv-row-2633,,,,RCK-002418,IMPORTADO_PENDIENTE_VALIDACION,,
2634,legacy-csv-row-2634,,,,RCK-002419,IMPORTADO_PENDIENTE_VALIDACION,,
2635,legacy-csv-service-3805433,3805433,,,RCK-002420,IMPORTADO_PENDIENTE_VALIDACION,,
